mediacontentId,genreId
862,2
862,3
862,5
8844,2
8844,9
15602,5
15602,14
31357,5
31357,8 
31357,14
11862,5
949,1
949,6
949,8
11860,5
11860,8
11860,14
45325,1
45325,2
45325,8
9091,1
9091,6
9091,8
9091,16
710,1
710,2
710,16
9087,8
9087,14
12110,5
12110,11
21032,2
21032,3
21032,8
10858,8
1408,1
1408,2
524,6
524,8
4584,8
4584,14
5,5
9273,2
9273,5
9273,6
11517,1
11517,5
11517,6
8012,5
8012,6
8012,16
1710,6
1710,13
1710,16
9691,1
9691,2
9691,6
9691,16
12665,8
12665,9
451,8
451,14
16420,8
9263,5
9263,8
9263,14
17015,8
17015,14
902,2
902,9
37557,6
37557,8
9909,8
63,13
63,16
9598,5
9598,8
9598,9
687,8
33689,5
33689,14
9603,5
9603,14
34615,8
31174,8
31174,17
11443,1
11443,6
11443,8
35196,8
35196,14
9312,1
9312,9
577,5
577,6
577,8
11861,8
11861,14
807,6
807,13
807,16
10530,2
10530,3
10530,14
8391,8
8391,14
629,6
629,8
629,16
11448,5
11448,14
49133,8
26441,5
97406,8
9089,5
9089,8
9089,14
11010,5
11010,8
11010,14
11359,2
11359,9
17182,8
17182,16
2054,8
10607,5
10607,6
19760,5
19760,14
9536,5
11525,1
11525,11
11525,16
4482,5
4482,14
10634,5
10634,8
755,1
755,6
755,11
755,16
11859,1
28387,5
28387,8
28387,14
48750,8
20927,8
20927,14
36929,5
9102,11
9102,17
124626,7
27526,8
27526,16
9623,6
9623,8
9623,16
46785,8
400,6
400,8
880,5
880,8
146599,8
146599,14
8447,8
8447,14
10534,2
10534,8
17414,2
17414,5
13997,5
2086,1
2086,6
2086,16
9095,8
9095,11
9095,16
12158,5
12158,9
12158,11
12158,14
9283,5
9283,8
9283,14
9208,1
9208,16
40154,5
406,8
63076,7
11062,8
11062,16
13685,5
13685,6
13685,8
47475,5
47475,14
2045,13
2045,16
9614,5
688,8
688,14
11907,5
11907,8
10874,2
10874,5
89333,7
197,1
197,8
197,17
103,6
103,8
33542,1
33542,5
33542,6
33542,16
43566,6
43566,8
43566,13
51352,7
16934,5
16934,6
16934,8
10324,5
10324,14
78406,5
78406,8
32119,6
32119,8
11066,5
11066,14
11104,5
11104,8
11104,14
2074,5
27793,2
27793,5
27793,9
290157,7
110972,5
110972,14
11863,13
11863,16
9101,5
5757,5
9302,8
9302,14
11000,5
16388,5
16388,8
16388,14
9737,1
9737,5
9737,6
9737,16
30765,2
30765,8
10474,6
10474,8
22279,5
22279,8
22279,14
30157,5
30157,6
30157,8
568,8
11780,1
11780,2
11780,8
11780,17
34996,8
34996,11
414,1
414,6
414,9
649,8
649,14
1873,8
1873,16
5894,5
1775,5
8839,5
8839,9
20649,6
20649,8
20649,13
10329,1
10329,2
8963,1
8963,8
8963,16
8963,17
26564,7
8068,1
8068,6
8068,16
8512,6
8512,13
8512,16
1572,1
1572,16
13552,5
13552,6
13552,8
6520,1
6520,2
6520,8
6520,14
9073,2
9073,5
9073,8
10428,1
10428,6
10428,8
10428,16
17447,5
17447,8
17447,14
9886,1
9886,2
9482,1
19326,5
19326,8
9344,6
9344,8
9071,5
8973,8
8973,9
8973,11
15730,5
15730,8
47608,8
47608,14
2293,5
2293,14
9070,1
9070,2
9070,9
48787,6
48787,11
48787,16
34574,11
34574,16
1642,1
1642,6
1642,8
1642,13
1642,16
11472,5
11472,14
36196,5
36196,8
36196,14
11980,1
11980,9
11980,13
11980,16
58372,5
58372,8
58372,9
32646,8
10533,8
10533,14
10802,8
10149,5
10149,8
18402,5
18402,8
9348,1
9348,11
281,6
281,8
281,16
5967,8
5967,14
47939,8
47939,9
36834,8
36834,14
9090,5
9090,8
3512,1
3512,16
52856,5
52856,8
77350,7
9560,8
9560,14
9804,1
9804,2
31611,8
65796,1
65796,8
65796,18
49805,8
26258,1
26258,2
26258,5
50797,8
19155,8
19155,17
76,8
76,14
11017,5
37141,8
37141,16
9382,5
9382,8
6715,8
18256,8
18256,11
18256,13
18256,16
22625,8
22625,14
2292,5
1909,5
1909,8
1909,14
8984,6
8984,8
8984,16
4954,1
4954,6
4954,16
62488,5
62488,6
62488,9
10531,8
10531,16
11929,6
11929,8
11929,13
8467,5
10451,5
10451,8
10451,14
20156,8
18395,5
18395,6
18395,16
522,5
522,8
397,5
397,14
10525,5
10525,8
10525,14
27985,1
27985,2
27985,8
15789,2
15789,3
15789,5
15789,14
27303,8
27303,11
27303,16
21183,2
21183,8
10954,8
47867,8
47867,9
14275,7
1024,8
1024,9
17207,5
13701,8
13701,14
14819,5
32631,1
32631,8
32631,16
11777,5
11777,8
11777,14
628,8
628,9
628,11
87729,8
87729,14
18713,5
18713,6
6280,5
9061,1
9061,8
9061,13
9061,16
37108,2
37108,5
37108,9
6071,6
6071,8
6071,16
11,1
11,2
9587,8
9587,14
19101,8
19101,9
49980,8
18183,8
18183,14
4476,8
4476,14
4476,17
4476,18
11008,2
11008,5
32325,6
32325,8
43742,8
43742,14
28313,8
11318,5
11318,8
3036,8
3036,11
3036,14
40490,5
24070,5
24070,8
24070,14
8986,5
8986,8
8986,14
10510,8
10510,9
17402,5
17402,14
38722,5
38722,8
8438,6
8438,8
11593,5
11593,8
1945,8
1945,16
39310,6
39310,8
109560,1
109560,6
109560,8
109560,16
56428,11
131957,8
131957,14
241,6
241,8
241,16
9058,5
9058,14
527,8
18220,8
18220,14
18220,16
6950,1
6950,8
6950,16
101,1
101,6
101,8
63020,5
63020,8
63020,14
2307,5
2307,8
2307,14
680,5
680,6
680,16
25296,5
25296,8
40156,8
40156,14
11450,8
30304,8
10452,8
10452,14
12106,1
12106,8
12106,14
12106,16
12106,18
161495,5
161495,8
3586,5
110,8
110,13
110,14
108,8
109,5
109,8
109,13
36357,5
92769,8
92769,11
28033,5
28033,8
22586,2
22586,3
22586,5
22586,9
14334,2
14334,8
14334,9
2636,1
2636,16
2164,1
2164,2
11395,5
11395,8
11395,9
278,6
278,8
9905,6
9905,16
87078,8
87078,16
12527,5
12527,8
20306,5
20306,6
36614,5
36614,8
36614,14
27993,5
31439,8
31439,14
31439,17
9067,1
9067,5
9067,9
9059,5
9059,11
9059,16
193,1
193,2
193,16
25066,6
25066,8
25066,9
25066,11
25066,16
46797,8
46797,14
12122,11
12122,16
11381,5
32636,8
36141,6
36141,8
36141,16
95963,8
95963,17
1587,8
1587,14
9271,1
9271,6
9271,16
2064,5
2064,14
19855,8
19855,17
60855,5
60855,8
60855,14
236,5
236,8
236,14
48287,5
48287,8
3049,5
3049,6
3049,13
2759,5
2759,8
12635,8
10497,8
10497,14
10497,16
11382,5
11382,6
9331,1
9331,8
9331,16
10731,6
10731,8
10731,13
10731,16
10464,5
10464,14
34152,5
34152,8
9495,1
9495,9
9495,16
29973,8
888,5
888,9
13,5
13,8
13,14
712,5
712,8
712,14
16295,6
16295,8
16295,16
48992,5
48992,8
48992,14
10879,5
10879,14
10660,5
10660,8
10660,14
10714,2
10714,8
41647,7
8587,2
8587,3
8587,8
1689,8
11596,9
11596,11
11596,13
854,5
854,6
854,9
854,14
9359,1
9359,2
9359,5
9359,8
9359,18
23333,8
36593,5
36593,6
12280,5
12280,8
2788,5
2788,8
2788,14
10427,6
10427,8
10427,16
11011,5
8987,2
8987,8
8987,16
1637,1
1637,16
15128,5
15128,14
8831,1
8831,6
8831,16
36955,1
36955,16
10449,8
10449,14
10395,8
10395,11
10395,14
12160,1
12160,2
12160,8
12160,18
40480,1
40480,6
40480,14
40480,16
52038,5
52038,8
29444,5
29444,8
26352,1
26352,5
26352,6
39953,8
41580,8
315,1
315,5
315,6
315,16
22067,6
22067,8
22067,14
11667,1
11667,2
11667,5
11667,16
8011,1
8011,2
8011,9
171857,6
171857,8
2654,11
2654,13
18069,8
18069,14
18069,18
19092,6
19092,8
19092,16
2758,5
2758,9
10436,8
10436,14
13595,5
13595,6
46094,5
9409,1
9409,5
9409,6
11853,14
11853,18
16771,5
16771,8
16771,14
46924,5
46924,8
46924,9
11041,5
306,1
306,5
306,6
14522,2
14522,8
26203,6
26203,16
178,1
19819,8
57834,8
57834,14
4722,11
18215,8
18215,14
18215,16
1607,6
1607,8
26391,2
26391,5
26391,9
26391,14
117553,5
117553,8
6075,6
6075,8
6075,16
11310,5
11310,18
18658,5
18658,13
9350,1
9350,2
9350,16
9612,5
2124,13
2124,14
2124,16
26261,5
26261,6
26261,16
19176,1
19176,5
19176,6
19176,8
19176,16
19176,18
11566,5
9571,5
9571,8
9739,1
9739,6
34444,5
34444,8
34444,14
34444,18
26141,5
26141,6
10997,8
10443,8
20239,5
16297,5
16297,8
18551,8
18551,14
18551,16
25440,5
25440,13
25440,14
25440,16
9024,5
9024,14
37233,8
37233,13
37233,16
1634,2
1634,8
13815,6
13815,8
13815,16
5503,1
5503,8
5503,16
35588,1
35588,8
35588,18
2087,1
2087,6
2087,13
2087,16
41579,5
41579,6
18620,5
18620,8
18620,14
2019,1
2019,6
2019,16
9255,1
9255,5
9255,17
26271,5
10612,5
10612,8
10612,14
2259,8
2259,14
16097,5
11934,5
11934,8
11934,9
106143,5
106143,8
12475,5
9386,1
9386,6
9386,8
9386,13
9386,16
7984,8
59930,5
59930,8
59930,14
15765,8
31643,5
6,1
6,6
6,16
329,2
10909,6
10909,16
507,1
507,6
507,8
507,16
29918,2
9593,1
9593,2
9593,5
9593,9
42580,5
22317,5
22317,18
1413,8
1413,14
12121,5
2246,16
10502,8
10440,5
10440,13
9516,6
9516,8
9516,16
2320,1
2320,2
2320,8
2320,16
5879,8
5879,14
83718,5
83718,8
83718,14
11971,5
11971,8
11971,14
31911,5
31911,14
788,5
788,8
21450,5
21450,8
11231,1
11231,2
11231,8
10447,1
10447,8
10447,16
31586,2
31586,5
31586,8
9300,8
9300,9
9559,6
9559,8
9559,16
9800,8
713,8
713,14
8291,8
8291,14
18133,1
18133,8
18133,14
25557,11
25557,16
22588,5
22588,6
22588,8
10872,5
10872,6
10872,8
1245,8
1245,14
11858,5
11858,8
7007,1
7007,8
7007,16
10467,5
10467,8
10467,14
5550,1
5550,2
5550,6
5550,16
8005,5
2088,6
2088,8
2088,14
10412,1
10412,8
10412,16
47889,8
47889,14
14534,8
41878,8
424,8
424,17
35233,5
14291,8
11236,8
11236,9
11592,5
11592,6
8850,1
8850,6
8850,9
10445,8
10445,14
695,5
695,8
43535,5
43535,8
12519,5
12519,8
23210,5
23210,8
23210,13
858,5
858,8
858,14
867,8
867,16
78,8
78,16
13203,5
13203,8
13203,14
10442,5
10442,6
10442,14
11074,1
11074,6
11074,13
11074,16
9607,2
9607,5
9607,9
17585,1
17585,2
17585,6
17585,8
17585,16
9057,1
9057,16
20967,8
10635,5
10635,8
10635,14
9479,3
9479,9
10057,1
10057,2
10057,5
10057,14
11969,1
11969,18
319,1
319,6
319,14
26408,7
15139,3
15139,9
11446,5
11446,8
51980,8
51980,14
24405,5
24405,14
8223,5
8223,8
14587,5
14587,8
31504,5
23637,5
17600,5
17600,8
10897,5
10897,14
21352,2
21352,5
68806,6
68806,8
68806,16
37345,5
37345,8
37345,13
32562,7
25403,5
25403,8
9066,5
9066,14
771,5
251,9
251,14
251,16
812,2
812,3
812,9
812,14
280,1
280,16
581,2
581,8
581,18
268,1
268,6
268,9
274,6
274,8
274,16
408,3
408,9
10020,3
10020,9
10020,14
10895,3
10895,9
114,5
114,14
576,18
15477,6
15477,16
124472,7
7300,5
7300,14
10824,11
10824,16
275,6
275,8
275,16
25059,2
25059,5
25059,8
11827,2
11827,3
11827,9
8766,11
8766,16
23570,5
23570,14
47333,8
47333,14
51242,5
51242,8
10112,2
10112,3
10112,5
4307,8
4307,14
46029,5
46029,14
32308,5
28121,5
28121,6
28121,14
12520,5
12520,6
12520,8
12520,16
1592,6
1592,8
1592,13
1592,16
19042,2
19042,3
19042,9
19042,14
38884,8
38884,17
47449,5
36259,5
36259,9
41852,5
41852,8
40926,5
40926,8
40926,16
9099,5
2021,5
2021,8
2021,14
61752,5
61752,8
10988,11
10988,13
10988,16
12652,8
12652,14
10684,8
10684,13
10684,16
10684,17
954,1
954,2
954,16
68445,5
68445,8
18989,8
18989,14
8840,1
8840,2
8840,8
8840,9
11107,1
11107,5
10539,2
10539,3
10539,9
10543,16
18414,5
11902,5
11902,8
11902,17
25087,1
25087,16
5801,8
896,8
3065,5
2300,3
2300,5
8069,2
8069,5
27768,8
27768,16
221917,8
221917,14
8072,8
8072,13
33245,8
27281,1
27281,2
27281,5
40001,8
40001,14
29621,1
29621,2
29621,16
20762,1
20762,6
20762,8
20762,16
37144,6
37144,13
37144,16
12656,5
12656,6
12656,8
12656,14
12656,16
38867,8
38867,14
25969,5
25969,8
25969,14
43634,8
43634,13
43634,14
9103,1
9103,2
9103,8
29649,8
10990,6
10990,8
10990,13
10990,16
8866,5
8866,14
12233,3
12233,5
23449,5
36355,2
922,8
922,9
922,18
11876,2
11876,8
11876,14
11687,5
11687,9
9304,5
9304,9
9304,14
503475,3
503475,5
73183,7
9100,8
9100,9
9100,11
20759,5
46063,6
46063,8
32513,5
32513,14
36915,8
36915,13
36915,16
9802,1
9802,2
9802,16
21588,5
21588,11
664,1
664,2
664,8
11867,1
11867,2
9323,1
9323,3
10280,9
10280,11
10535,1
10535,5
532,3
532,5
16299,5
10547,11
10547,16
935,5
935,17
40751,1
40751,8
85778,7
11101,8
11101,17
9826,1
9826,2
9879,5
9879,6
9879,8
22621,8
22621,14
7095,5
7095,8
26890,8
77771,8
77771,14
41225,8
41225,11
41225,13
627,6
627,8
32872,5
32872,14
602,1
602,2
14553,8
14553,14
9566,1
9566,8
9566,16
10545,3
10545,8
9894,5
9894,8
9894,16
11543,5
9268,1
9268,13
9268,16
9327,5
9327,9
9327,14
81949,8
81949,14
81949,17
44535,5
44535,8
11228,1
11228,2
11228,16
10779,5
10779,11
26748,8
26748,13
26748,14
38223,5
38223,8
9294,8
9294,9
9294,14
49963,5
49963,8
49963,14
11363,5
11363,14
1645,6
1645,8
1645,16
31546,6
31546,8
36344,2
36344,8
18550,1
11511,5
11511,9
34170,5
12606,5
4837,8
4837,14
12632,8
18975,2
18975,8
18975,9
11962,5
11962,9
2925,5
3595,1
3595,16
9308,5
9308,6
9308,14
18555,1
18555,8
18555,16
12123,1
12123,16
10830,5
10830,9
3573,5
3573,8
3573,14
10546,1
10546,9
10546,16
18862,5
31417,8
31417,11
31417,16
9431,5
9431,11
47907,5
47907,8
10061,1
10061,16
549,8
10478,5
10478,8
10478,14
238,6
238,8
11134,1
11134,6
11134,16
9303,6
9303,8
9303,16
23945,5
22479,6
22479,8
9054,5
410921,1
410921,6
410921,8
38955,1
38955,5
38955,6
38955,16
11015,11
11015,13
11015,16
9306,11
12559,5
58770,8
58770,16
3587,5
3587,9
10723,1
10723,5
10723,6
19004,2
19004,3
101230,8
101230,14
10987,11
10987,16
44705,5
44705,8
44705,14
20318,8
26933,8
26933,14
27854,2
27854,8
27854,14
27854,17
981,5
981,14
872,5
872,14
2769,5
2769,14
13320,5
13320,14
164,5
164,8
164,14
426,13
426,14
426,16
567,13
567,16
3078,5
3078,14
13528,6
13528,8
13528,13
13528,16
28288,5
28288,14
213,2
213,16
284,5
284,8
284,14
239,5
239,6
239,14
4808,5
4808,13
4808,14
289,8
289,14
963,6
963,13
963,16
11113,5
11113,14
6620,5
6620,8
6620,14
804,5
804,8
804,14
26531,5
26531,8
909,5
909,8
909,14
630,2
630,9
770,8
770,14
770,17
31044,5
31044,8
599,8
15,8
15,13
62,2
62,13
705,8
22490,5
22490,8
223,13
223,14
223,16
25670,1
25670,13
25670,16
303,13
303,14
303,16
4174,13
4174,14
4174,16
8356,8
8356,14
381,13
381,14
381,16
20758,5
20758,8
20758,14
29376,5
29376,14
1859,5
1859,14
18299,5
18299,14
17281,5
17281,14
10907,2
10907,14
32093,1
32093,2
32093,14
1939,8
1939,13
22292,8
22292,9
22292,14
3598,2
3598,8
3598,9
3598,14
3080,5
3080,14
198,5
198,14
198,17
13562,5
1712,8
1712,14
1712,18
220,8
3529,5
3529,6
3529,13
3085,5
3085,8
3085,14
2897,2
2897,5
2897,9
2897,14
1585,8
1585,9
3083,5
3083,8
900,5
900,14
43795,8
43795,14
43905,8
43905,14
23114,8
40206,5
40206,14
260,13
260,16
10331,11
10331,16
488,2
488,8
488,14
22733,2
22733,5
261,8
32574,5
32574,8
32574,14
22649,8
22649,14
22649,17
125587,8
52855,6
52855,8
39940,8
39940,14
85328,5
85328,8
85328,14
11076,2
11076,8
63945,8
63945,14
58985,5
58985,8
10861,1
10861,6
10861,16
1770,8
1770,16
1770,17
2033,8
2033,14
18203,5
18203,8
18203,14
9333,1
9333,6
9333,18
9400,1
9400,6
9400,8
9400,14
9400,16
9401,5
9401,6
9401,16
11306,8
11306,16
9625,1
9625,5
9625,6
9625,8
9625,16
10680,1
10680,5
10680,8
6346,6
6346,8
18660,5
18660,18
35115,2
35115,18
14821,2
14821,9
14136,5
14136,9
10869,5
10869,9
10869,14
22660,2
22660,8
22660,18
19186,5
19186,14
31102,5
31102,8
6878,2
6878,5
15944,5
15944,9
18444,2
20723,5
20723,6
173,2
173,9
864,2
864,5
864,8
24795,5
24795,9
11224,3
11224,9
11224,14
81310,3
15947,3
9078,3
9078,9
8367,1
8367,2
8367,8
433,5
433,9
11360,3
11114,3
11114,5
11114,9
12335,2
12335,3
12335,5
12335,9
12092,2
12092,3
12092,9
10948,2
10948,3
10948,8
11229,5
11229,6
11229,8
11229,16
15121,8
15121,14
562,1
562,16
10163,11
47199,8
47199,16
11159,8
9591,5
9591,8
9591,14
30500,8
30500,14
10938,5
10938,8
10938,14
11412,1
11412,6
11412,13
11412,16
10586,2
10586,16
42314,7
27845,5
27845,8
23223,6
23223,8
23223,14
49471,2
49471,8
38153,16
25147,8
25147,14
9716,5
9716,14
454,8
454,14
10218,5
10218,8
819,6
819,8
819,16
11238,2
11238,3
31530,5
31530,14
28120,6
28120,13
28120,16
252,5
252,9
16372,8
16372,11
16372,13
11561,5
11302,5
623,5
623,6
583,5
12614,5
12614,14
21711,5
21711,8
11575,1
11575,2
11575,5
11575,14
11575,18
475,6
475,8
11331,2
11331,8
521,6
521,16
88,8
88,14
500,6
500,16
792,1
792,8
792,17
8491,5
8491,6
402,13
402,16
10537,8
11386,6
11386,8
11386,16
9504,6
9504,8
9504,13
15764,8
15764,14
15764,17
601,2
601,9
25842,8
25842,9
2119,1
2119,2
2119,8
744,1
744,8
744,14
221,8
702,8
702,16
25750,11
9305,7
37616,5
37616,6
21612,6
21612,8
102461,8
36998,8
116844,8
1630,8
26626,5
124837,7
11816,8
11816,14
11843,5
11843,6
11843,13
10379,5
10379,9
2756,2
2756,16
790,11
1103,1
1103,16
11298,11
4480,8
4481,8
10765,5
762,2
762,5
762,9
44497,5
44497,14
99479,8
124829,7
10548,7
531,3
531,5
4483,8
18919,3
18919,9
61461,8
659,8
659,17
30892,5
30892,8
86369,5
86369,8
38554,5
36555,1
36555,6
36555,8
36555,16
10608,5
10608,8
11216,8
11216,14
7452,6
7452,8
892,5
892,9
26561,8
26561,14
975,8
975,17
54405,5
409,8
409,14
409,17
38251,5
38251,14
38251,17
10161,8
1412,8
41768,8
14285,6
14285,7
2469,5
2469,8
2469,14
10174,7
31225,7
510,8
11455,2
11455,5
1891,1
1891,2
2493,2
2493,5
2493,9
2493,14
85,1
85,2
68,5
679,1
679,16
429,18
13446,5
13446,8
389,8
947,2
947,17
185,6
595,8
28,8
28,17
335,8
335,18
1892,1
1892,2
144,8
144,9
144,14
1092,13
1092,16
769,6
769,8
348,11
766,5
766,9
766,11
175,2
175,8
175,14
11645,1
11645,8
10835,1
10835,6
10835,8
10835,16
539,11
539,13
539,16
525,1
525,5
525,6
240,6
240,8
600,8
600,17
530,2
530,3
530,5
10705,8
10705,17
279,8
3109,5
3109,8
3109,14
311,6
311,8
1578,8
703,5
703,8
703,14
9549,2
9549,8
1398,8
387,8
387,17
9277,5
9277,6
9277,8
343,5
343,8
343,14
37291,5
37291,8
37291,14
490,8
490,9
11235,5
11235,8
218,1
218,16
763,5
763,11
9665,8
9665,17
18971,5
18971,8
696,5
696,8
696,14
379,6
379,8
379,16
207,8
37247,5
37247,8
37247,14
1480,6
1480,16
9322,1
9322,16
826,8
826,17
422,8
829,6
829,8
829,13
829,16
828,8
828,16
3090,2
3090,8
3090,18
9964,1
9964,5
9964,11
3063,5
3063,17
13667,5
13667,14
694,11
694,16
235,6
235,8
832,6
832,8
832,16
765,5
765,9
765,11
5925,2
5925,8
5925,17
11778,8
11778,17
4485,1
4485,8
4485,16
137,5
137,9
137,14
33,18
982,8
982,16
8428,8
212,5
212,6
105,2
105,5
1633,5
1633,8
11202,8
11202,17
1554,5
1554,6
1554,8
149,1
149,3
8009,1
8009,2
8009,9
903,6
903,8
11673,5
11673,8
11673,14
3034,5
339,5
339,8
10404,8
914,5
914,17
756,3
756,9
288,8
288,16
288,18
910,6
910,13
910,16
2640,5
2640,6
16633,8
16633,9
16633,14
665,2
665,8
11031,5
11314,7
15143,5
15143,14
89,1
89,2
10322,5
10322,8
783,8
10644,8
10644,14
11257,8
11257,14
14370,5
14370,14
12104,8
625,8
625,17
8816,5
8816,8
830,2
2323,8
2323,9
983,2
983,8
642,2
642,6
642,8
642,18
655,8
10341,2
10341,8
639,5
639,8
639,14
30180,7
41801,8
18762,5
18762,14
8077,1
8077,11
814,5
814,11
41671,11
27214,11
52263,11
33519,11
16235,11
11449,11
41848,11
25944,5
25944,11
24913,11
24913,13
49126,8
49126,11
49126,16
32076,11
32076,13
32076,16
571,11
571,16
8851,11
37843,11
32146,11
32146,16
30346,11
30346,16
6114,11
6114,14
229,11
13549,11
13549,13
13549,16
9529,8
9529,11
9529,16
1598,6
1598,8
1598,16
11349,8
11349,16
7340,11
7340,16
6217,11
6217,16
377,11
653,9
653,11
28198,11
794,11
794,16
31640,6
31640,16
8744,6
8744,8
8744,16
25189,5
25189,8
25189,14
145,8
145,14
2212,8
2212,11
2212,13
2212,16
199,1
199,2
199,16
7863,8
12498,8
9279,2
9279,5
17204,6
17204,7
21539,5
21539,8
21539,9
21539,14
12709,5
12709,8
12709,14
20539,8
11674,5
1573,1
1573,16
152,2
152,13
174,1
174,2
174,16
172,1
172,2
172,16
154,1
154,2
154,16
157,1
157,2
157,16
168,2
364,1
364,9
11967,1
11967,2
11967,18
9086,2
9086,18
621,5
621,14
9037,5
9037,14
10173,1
10173,6
10173,8
10173,16
8845,1
8845,16
578,2
578,11
578,16
579,11
579,16
17692,11
17692,16
17795,5
75,5
75,9
13891,5
13891,8
9390,5
9390,8
9390,14
378,5
378,6
10896,5
10896,8
2322,5
2322,6
2322,8
41240,8
26949,8
26949,14
9819,8
31908,8
3179,2
3179,3
3179,5
3179,6
1802,8
1802,16
4232,6
4232,11
4232,13
9361,1
9361,14
9361,17
2928,5
2928,8
2928,9
10549,8
58102,8
18451,8
18451,14
27265,5
27265,8
49935,6
49935,8
49935,14
8818,8
36758,8
36758,14
36040,2
36040,8
9415,1
9415,6
9415,8
9415,13
9415,16
55146,7
55146,8
55146,14
55146,16
12145,5
12145,14
42424,2
42424,5
42424,14
34314,1
34314,6
34314,16
2892,8
2892,14
9404,1
9404,2
9404,5
9404,6
9404,8
9404,16
85242,1
85242,5
85242,8
85242,16
9622,1
9622,5
8860,1
8860,5
8860,6
14832,8
9619,1
9619,2
9619,8
9619,16
40506,5
31000,1
31000,5
4104,5
4104,8
26306,8
26306,14
14908,5
784,5
784,8
12489,5
12489,6
12489,8
16448,5
17894,5
17894,14
28059,5
28059,8
17949,1
17949,5
1968,5
1968,8
1968,14
61563,5
61563,8
61563,14
66,1
66,6
66,8
20735,5
11419,5
638,8
638,13
638,16
25624,1
25624,8
25624,16
9366,6
9366,8
9366,16
21915,5
19952,5
19952,14
9446,5
28005,8
28005,14
9403,5
9403,8
27322,5
27322,8
27322,14
10003,1
10003,2
10003,14
10003,16
9311,8
9311,16
884,8
884,16
49806,5
49806,8
1624,5
16052,8
4477,6
4477,8
4477,16
24662,3
24662,5
18423,5
76996,5
76996,14
6499,1
6499,2
6499,9
50512,8
50512,14
9405,1
12723,8
12723,14
9360,2
9360,11
9360,16
9434,1
9434,5
9434,14
9434,16
21626,8
21626,14
13982,2
13982,5
13982,6
13982,13
77223,8
77223,17
9611,5
47694,8
47694,14
10357,1
10357,8
10357,16
9977,5
9977,8
816,5
816,6
2163,1
2163,6
2163,8
2163,13
2163,16
124680,8
124680,14
12499,5
18,1
18,2
1811,5
1811,8
105045,8
105045,14
11239,5
11239,8
11239,14
2058,5
2058,14
9450,5
9450,8
9450,14
330,1
330,2
38523,8
16375,5
16375,9
16375,13
33660,8
45671,5
45671,8
45671,9
45671,14
17770,5
17770,14
15170,2
15170,5
15170,8
1701,1
1701,6
1701,16
26422,8
26422,14
1639,1
1639,16
415,1
415,2
65889,5
65889,8
65889,14
11103,5
11103,16
11970,2
11970,3
11970,5
11970,9
11970,14
8874,5
8874,14
11956,5
266,8
266,14
754,1
754,6
37567,8
37567,14
607,1
607,2
607,5
18080,5
18080,14
38225,2
38225,5
17834,2
17834,5
17834,9
686,8
686,13
65046,5
65046,14
4421,1
4421,8
4421,17
9387,1
9387,2
9387,9
10603,2
10603,5
10603,14
2142,6
2142,8
2142,16
8413,11
8413,13
10336,1
10336,2
10336,9
10336,11
10336,16
20737,5
9413,5
9413,8
9413,14
14585,5
14585,8
49462,8
8834,1
8834,8
8834,13
8834,16
9458,1
9458,6
9458,8
9458,16
8854,1
8854,6
8854,9
38295,8
38295,14
38295,16
22073,6
22073,8
37244,5
4961,11
9416,1
9416,5
9416,6
9416,16
26180,1
26180,5
26180,6
17832,1
17832,2
17832,9
9772,1
9772,16
6072,8
6072,16
1669,1
1669,16
468,8
32519,5
108401,5
108401,8
10806,5
9433,1
9433,2
9433,8
6623,1
6623,16
2118,6
2118,8
2118,13
2118,16
978,2
978,8
9437,6
9437,8
9437,13
9437,16
29461,5
29461,8
10351,9
10351,11
66588,8
2649,8
2649,13
2649,16
14289,1
14289,16
10155,6
10155,8
10155,14
10155,16
20457,5
20457,14
18355,1
18355,6
18355,16
55306,8
68924,8
2255,5
2255,8
2255,14
9427,5
172545,5
172545,8
17589,8
17589,14
3597,11
3597,13
3597,16
1813,5
36797,5
33344,5
33344,8
25099,7
45019,8
45019,14
62422,7
782,13
782,14
782,16
29911,8
29911,9
29911,13
9827,11
9827,16
1959,8
1959,14
125052,6
125052,8
125052,14
45153,8
10871,13
10871,16
14398,1
14398,6
14398,8
14398,14
14398,16
10890,1
10890,5
1281,2
1281,5
9770,8
9770,16
14905,8
14905,17
14583,6
14583,8
14583,13
14583,16
11975,6
11975,8
11975,16
4995,8
9281,6
9281,8
9281,16
45928,6
45928,8
45928,14
45928,16
563,1
563,2
563,16
61337,5
61337,8
19931,8
31535,5
10215,5
10215,8
10215,9
10215,14
9823,1
9823,9
37165,5
37165,8
45609,8
45609,14
38904,8
38904,14
45565,8
45565,14
9407,6
9407,8
9407,16
4824,1
4824,2
4824,6
4824,16
9444,2
9444,3
9444,9
9414,1
9414,5
9414,6
8078,1
8078,11
11831,8
11831,13
2895,8
39177,8
19601,8
19601,14
22797,5
22797,8
2639,5
2639,8
9574,5
10371,5
10371,14
489,8
9714,5
8197,6
8197,8
8197,13
6283,5
4233,11
4233,13
191874,16
10217,8
597,8
597,14
714,1
714,2
714,16
9922,1
9922,2
547,2
547,8
547,14
184,6
184,8
184,16
9746,8
9438,5
115,5
115,6
26941,8
26941,14
27103,5
27103,8
9410,5
9410,8
9410,14
32302,1
32302,5
12538,5
12538,14
586,5
586,8
2666,13
11258,1
11258,6
11258,16
9490,5
9490,6
9411,6
9411,8
9411,16
25719,5
25719,6
25719,14
11220,1
11220,6
11220,14
21253,8
21253,16
6116,2
6116,5
6116,8
6116,9
9457,1
9457,2
9457,11
39424,5
39424,8
39424,14
11702,1
11702,6
11702,16
2923,6
2923,8
2923,14
12238,11
12238,13
11568,1
11568,5
11568,6
11003,5
11003,14
10153,13
10153,16
30949,6
30949,13
30949,16
2898,5
2898,8
2898,14
9558,6
9558,16
26269,6
26269,16
11808,1
11808,6
11808,16
6970,2
6970,5
6970,9
47452,8
47452,14
21736,7
17941,8
17941,16
10668,1
10668,5
10668,6
10668,8
10668,16
9313,1
9313,2
9313,8
42807,1
42807,6
42807,8
617,8
617,13
617,16
36568,2
36568,5
36568,8
37272,8
37272,14
5910,6
5910,8
9440,5
9440,8
32911,5
32911,8
32456,8
32456,14
17127,8
17127,14
17133,1
17133,5
17133,6
17133,8
17133,16
19848,5
19848,8
17644,2
17644,9
1774,7
30265,8
30265,14
2157,2
8838,1
8838,6
8838,8
8838,16
29193,8
29193,13
29193,16
795,8
795,9
795,14
16980,5
16980,8
16980,14
27472,2
27472,5
47881,5
47881,8
9469,8
12488,16
267,8
267,14
267,16
16148,5
16148,6
16148,13
9449,1
9449,2
9449,5
9449,9
31220,5
13907,7
29825,5
29825,8
29825,14
10622,1
10622,5
10622,6
30020,8
17139,8
10216,1
10216,11
9771,5
9448,1
9448,2
9448,5
9448,6
9448,16
38618,1
38618,2
78373,5
78373,8
4415,6
4415,8
4415,14
55561,8
8656,1
8656,8
18937,3
18937,8
18937,9
18937,14
929,1
929,16
9452,5
9452,6
9452,8
9452,14
9452,16
1878,2
1878,5
1878,8
9844,5
9844,8
14342,2
14342,5
14342,18
9715,5
9715,8
9715,14
26610,6
26610,13
26610,16
40961,11
40961,16
1965,6
1965,8
1965,16
312,8
6068,1
6068,2
6068,5
6068,14
15037,5
15037,14
37636,8
37636,14
21334,8
32284,5
32284,8
32284,14
37410,5
37410,8
53765,5
53765,14
10674,2
10674,3
846,13
846,16
12655,1
12655,5
12655,6
3050,5
3050,9
1389,5
1389,6
1389,14
11020,8
11020,13
20862,5
20862,8
9464,5
9464,8
9464,14
95,1
95,2
95,16
944,1
944,6
944,16
35680,5
35680,8
11551,1
11551,2
11551,5
11551,9
473,8
473,13
473,16
102304,8
544,5
544,14
10513,11
65203,8
65203,14
143,8
143,17
42861,8
42861,18
33680,8
33680,14
12311,2
12311,8
43277,8
43277,14
43278,8
34106,5
34106,14
27367,8
27367,14
27367,17
17661,5
17661,8
28580,8
887,8
887,14
33667,8
23383,8
25430,8
11426,8
11426,14
11426,17
654,6
654,8
654,14
15919,8
15919,14
1725,6
1725,8
1725,14
5769,5
5769,14
874,8
10633,6
10633,8
10633,13
10633,16
17917,8
3116,8
1051,1
1051,6
1051,16
1366,8
12102,8
16619,8
9443,8
11050,5
11050,8
606,8
606,14
746,8
380,8
403,8
11485,5
11485,6
466,6
466,13
466,16
13820,5
15389,5
15389,8
15389,14
13597,2
13597,9
2108,5
2108,8
10014,11
10072,9
10072,11
10072,16
10131,11
10131,16
10160,11
10160,16
11284,11
11284,16
4488,11
9725,11
9725,16
9728,11
9728,16
9730,11
9730,16
9731,11
9731,16
10225,11
10225,16
10281,11
10281,16
10283,11
10283,16
948,11
948,16
11281,11
11281,16
10676,11
10676,13
11357,11
11357,16
11361,11
11361,16
36599,11
36599,13
36599,16
41769,11
41769,16
10585,11
11186,11
11186,16
11187,11
11187,16
609,11
11133,11
11133,16
10306,11
10306,16
9552,11
11586,11
11587,11
941,1
941,6
941,16
942,1
942,6
942,16
943,1
943,6
943,16
927,5
927,9
927,11
928,5
928,9
928,11
9340,2
9340,5
9342,1
9342,2
38509,5
38509,8
60033,6
60033,8
60033,16
12101,6
12101,13
12101,16
19,8
165,2
165,5
196,2
196,5
551,2
551,8
551,16
16084,5
16084,9
17984,5
22328,5
22328,18
32611,5
32611,9
3170,3
3170,8
346,1
346,8
859,8
859,14
841,1
841,2
11051,8
242,6
242,8
242,16
1411,8
1411,9
1411,13
1411,16
9769,8
9769,14
9424,11
9424,13
9835,5
9835,6
857,8
857,17
20173,5
10957,2
10957,3
10957,9
9570,1
9570,2
16249,5
16249,9
13962,5
19378,5
29228,5
29228,8
19379,1
19379,2
19379,5
11164,1
11164,5
11164,8
18887,2
18887,9
18887,14
40866,5
40866,9
10122,2
9994,2
9994,3
9994,13
12129,2
12129,5
12129,9
14140,1
14140,2
14140,5
14140,14
10439,5
10439,9
11158,2
11158,5
9354,2
9354,5
28736,1
28736,5
28736,18
34774,2
37969,2
9631,1
9631,6
9631,8
9631,16
9820,5
9820,14
14013,5
1779,5
1779,7
10849,5
10849,9
10849,14
678,6
678,16
907,8
907,14
907,17
5961,8
5961,9
5961,13
47908,8
42121,8
42121,14
2887,8
11974,5
11974,11
11974,16
20348,5
20348,8
26648,8
26648,14
26648,17
11911,8
793,6
793,13
793,16
35144,2
35144,8
9325,2
9325,3
10340,2
10340,3
10340,5
10340,14
10144,3
10144,9
10414,1
10414,5
10414,8
10437,5
10437,8
10437,9
15300,8
12230,2
12230,3
12230,5
10693,2
10693,3
10693,9
11335,1
11335,2
11335,5
11135,2
11135,3
11319,2
11319,3
11319,9
14822,2
14822,9
15969,2
15969,3
15969,14
13155,2
13155,9
10249,1
10249,2
15943,5
15943,9
10882,3
10882,9
10882,14
24808,9
24808,13
24808,16
19762,5
13850,3
2619,5
2619,9
2619,14
53565,3
53565,5
41841,2
41841,18
27332,8
97,1
97,2
10419,8
11675,11
11675,16
2107,5
2107,9
2107,14
6471,5
9442,5
9442,6
9442,13
11591,5
13697,5
13697,6
13697,8
227,6
227,8
87,1
87,2
123,2
123,3
123,9
9314,8
11336,11
11336,16
9980,1
9980,5
9980,11
10657,8
10657,11
10489,11
10489,16
10823,11
10823,16
11497,3
11497,5
11497,8
11497,9
2907,5
2907,9
9454,5
9454,8
9454,14
8688,6
8688,13
8688,16
23954,6
23954,8
23954,14
12761,8
396,8
14367,5
11814,5
11814,9
11814,14
16081,5
16081,9
18331,5
18331,14
15171,3
15171,8
11837,2
11837,3
11837,8
11704,2
11704,3
11704,9
11704,13
11639,2
11639,9
4978,2
4978,3
4978,5
4978,8
10380,2
10380,3
10380,5
10380,18
11976,2
11976,9
15144,5
15144,14
11522,8
11522,14
11557,5
11557,8
11557,14
13853,2
13853,8
11415,5
11415,9
11415,11
37530,5
37530,9
37530,11
8393,1
8393,5
11937,1
11937,5
21661,5
9320,1
9320,2
9320,5
9320,16
33644,5
33644,8
33644,14
14662,5
14662,8
125124,5
10692,6
10692,8
10692,11
10692,16
805,8
805,11
805,16
34584,2
34584,8
34584,9
34636,2
34636,8
34636,9
2182,5
2182,11
28070,1
28070,5
28070,11
77469,5
77469,8
10278,8
10278,14
10278,16
36647,1
36647,11
14557,5
9417,1
9417,2
9417,5
41469,5
41469,8
41469,14
19381,5
19381,8
4011,5
4011,9
161795,8
161795,14
1580,6
1580,8
1580,16
5854,5
5854,6
5854,13
5854,16
573,6
573,11
573,16
2370,8
2370,16
5780,16
506,13
506,14
506,16
22527,6
22527,8
574,13
574,16
11219,5
11219,13
30159,6
30159,8
30159,16
845,6
845,16
1978,16
3682,8
46702,8
46702,14
847,1
847,2
847,9
117,6
117,16
14577,5
37498,1
37498,6
37498,16
31667,8
31667,13
31667,14
13321,8
13321,17
21734,13
21734,16
31997,16
24197,5
24197,14
11462,13
11462,14
11462,16
31995,2
31995,6
31995,16
940,13
940,16
12684,6
12684,8
12684,16
2761,13
2761,14
2761,16
8208,13
8208,16
36056,8
36056,14
2760,6
2760,13
2760,16
10220,6
10220,8
431,13
431,16
22796,5
22796,8
37916,5
37916,8
37916,14
21873,5
21873,8
21500,5
21500,8
12626,5
12626,14
37818,5
37818,14
3525,5
3525,8
3525,14
2321,5
2321,6
2321,14
2028,5
2028,8
2028,14
16384,1
16384,5
16384,6
10699,5
10699,8
11597,5
11597,9
47947,5
48311,11
44772,5
44772,8
44772,14
14347,5
14347,14
41090,1
41090,6
41090,8
18282,5
18282,14
18169,5
18169,8
18169,14
11082,8
11082,11
11082,16
5971,5
5971,6
11933,2
11933,5
20096,5
20096,9
20096,14
30815,13
30815,16
881,8
4478,8
4478,14
22318,8
53113,8
53113,14
2109,1
2109,5
2109,6
24746,1
24746,2
24746,5
8195,1
8195,6
8195,16
9877,11
9877,13
26618,5
26618,6
26618,8
26618,14
21132,6
21132,8
21132,16
11855,5
11855,8
24016,2
24016,8
3486,5
3486,6
3486,11
11071,11
1091,11
1091,13
10403,5
10403,6
10403,8
10403,13
10403,16
11337,5
11337,8
11337,14
162,8
162,9
162,14
25723,5
25723,14
8916,2
8916,3
8916,5
28134,5
9429,5
9429,14
12159,8
12159,9
12159,14
27791,11
30197,5
10156,5
10377,5
10377,8
3121,5
3121,7
4975,8
9713,5
9713,8
134368,1
9821,5
9821,8
4437,16
1890,8
1890,14
1955,8
39437,8
39437,11
39437,13
39437,16
11932,5
11932,11
6435,5
6435,9
6435,14
10683,5
10683,8
9445,8
9445,16
2657,5
2657,8
2657,9
9425,1
9425,8
32326,7
637,5
637,8
8675,5
20701,5
20701,9
20701,11
20701,16
9945,1
9945,9
9945,11
73,8
18603,7
46889,5
46889,8
46889,14
12888,6
12888,8
3033,8
9882,1
9882,6
9882,8
9882,16
10663,5
4518,8
1808,8
3600,11
3600,13
3600,16
17037,5
297,8
297,9
297,14
21589,5
21589,8
11893,1
11893,2
11893,8
11893,16
12223,11
12223,13
12223,16
32081,1
32081,5
32081,6
14924,8
14924,14
10002,6
10002,8
10002,14
10002,16
41817,5
41817,6
41817,8
41817,9
19426,8
12560,5
12560,8
9798,1
9798,8
9798,16
14444,2
14444,3
14444,5
14444,8
9487,2
9487,3
9487,5
9466,5
9466,8
666,8
2042,8
2042,17
10162,5
309,8
692,5
692,6
24018,5
24018,8
1678,11
1678,16
39256,1
39256,16
1680,1
1680,2
1680,5
1680,9
244,2
244,9
244,11
10730,2
10730,9
31947,1
31947,2
31947,9
8130,7
11532,1
11532,2
11532,8
9749,5
9749,6
9749,13
14628,5
14628,6
14628,13
9626,1
9626,2
9626,9
13698,5
13698,8
10466,5
10466,14
707,1
707,2
707,16
11954,1
11954,11
11954,13
9336,5
9336,6
10157,5
10157,6
12118,5
12118,6
10587,5
10587,6
11825,5
11825,6
11895,5
11895,6
9447,2
9447,5
9447,8
12257,5
12257,8
12257,14
10029,5
10029,6
10029,16
27104,8
11252,11
11252,13
11252,16
8545,5
8545,8
10223,6
10223,8
10223,16
9745,5
9745,8
9745,9
200,1
200,2
200,16
9837,2
9837,3
9837,8
11545,5
11545,8
1934,5
1934,14
11881,5
11881,8
13764,2
13764,9
24951,8
24951,9
8879,8
8879,18
1369,1
1369,2
1369,16
1369,17
1368,1
1368,2
1368,16
1368,17
1370,1
1370,2
1370,16
1370,17
10303,1
10303,2
10303,5
10303,14
9326,1
9326,2
9326,5
9326,14
10328,5
10328,8
10328,13
11285,5
1367,8
1371,1
1371,8
1374,8
1375,8
15196,5
15196,6
15196,13
15196,16
11904,2
11904,13
11904,16
215875,8
215875,14
15596,5
13818,5
13818,8
13818,14
29968,5
29968,8
29968,14
44326,8
44326,16
1885,1
1885,2
1885,8
8856,1
8856,2
8856,8
8856,14
10495,1
10495,2
10495,8
5825,5
9489,5
9489,14
16885,6
16885,8
8741,8
8741,17
9276,11
9822,1
9822,2
9822,9
39314,1
39314,2
39314,8
39314,9
10312,5
10312,8
9441,5
9441,8
9441,14
9422,8
24525,5
24525,8
10368,5
10368,8
10368,17
31662,6
31662,8
31662,13
31662,16
46992,8
825,5
825,8
825,14
15556,8
15556,14
28902,11
28902,13
28902,16
14709,5
14709,8
14709,14
9423,1
9423,11
10658,1
10658,2
10658,5
10658,9
10658,14
6917,9
6917,11
24086,8
24086,9
11815,8
11815,11
9426,11
10344,11
15698,5
15698,6
15698,16
2620,1
2620,5
2620,6
30497,11
16337,5
16337,11
16337,16
16780,5
16780,11
16780,16
12151,5
33278,11
192,8
192,13
192,16
10945,5
10945,14
10945,16
10013,5
10013,8
10013,9
9671,2
9671,5
9396,2
9396,5
11038,5
11038,6
12278,5
11873,8
18588,1
18588,6
18588,8
18588,16
10015,8
10015,17
12715,1
12715,2
12715,5
8388,1
8388,5
8388,18
8129,8
1618,5
10722,1
10722,5
10722,11
10314,5
10314,14
11167,8
11167,11
11167,16
2112,1
2112,6
2112,8
2112,16
16172,5
16172,14
111794,5
111794,14
9524,8
20595,7
16306,3
11622,5
11622,8
11622,14
10207,8
10207,14
9849,5
18892,5
18892,6
18892,16
13466,8
1542,5
43978,8
15256,5
15256,8
15256,14
8224,6
8224,13
8224,16
18417,5
18417,8
18417,14
1847,6
1847,8
1847,13
42113,8
8913,11
10906,3
25748,11
25749,11
25749,16
8769,11
14742,5
10671,1
10671,8
10671,16
27932,1
27932,8
27932,16
7227,1
7227,2
7227,8
7227,16
10670,1
10670,16
5919,1
5919,8
5919,16
33518,11
33518,16
40160,1
40160,16
2362,2
2362,18
10803,1
871,1
871,2
871,8
1685,2
1685,13
1705,1
1688,1
1687,1
166680,1
166680,2
166680,8
11123,1
11123,8
11123,16
31638,1
31638,2
31638,8
113286,7
9535,5
9535,6
9455,1
9455,6
9455,8
9455,16
796,8
796,14
100,5
100,6
77936,8
77936,13
77936,14
30943,8
30943,13
7341,11
7341,16
10350,1
10350,2
11772,11
9540,11
9540,16
31503,5
31503,11
31503,14
11773,11
30202,8
30202,11
30202,13
22345,5
1567,8
1567,16
1641,5
1641,14
47288,3
47288,14
10212,2
10212,5
10212,11
10212,18
10354,6
10354,13
10354,16
8583,8
8583,14
16520,8
16520,14
16508,3
16508,5
11374,5
16379,1
16379,8
16379,13
16379,16
28029,8
28029,14
603,1
4951,5
4951,8
4951,14
65749,8
65749,14
8970,5
9840,8
30950,5
30950,8
11660,8
11660,16
9430,5
9430,6
9430,16
11355,5
11355,8
11355,14
18764,1
18764,5
18764,6
9465,5
9465,8
1414,8
1414,13
1414,14
49981,5
49981,6
49981,13
49981,16
6522,5
6522,6
114719,5
114719,8
114719,14
10209,8
10209,14
22826,5
1902,8
1902,16
6396,5
6396,6
6396,8
39964,5
39964,14
12596,5
12596,8
9451,5
9451,8
1946,1
1946,16
1844,8
1844,13
1844,14
6552,5
6552,9
6552,11
6552,14
24584,8
24584,14
25471,8
28519,8
3309,6
3309,8
18462,5
18462,11
28941,11
18252,5
18252,9
8592,2
8592,5
8592,6
564,1
564,2
564,9
13852,5
13852,8
25232,8
25232,14
10210,5
10210,9
10210,14
53862,5
53862,14
17962,8
17962,9
9460,1
1893,1
1893,2
31342,5
31342,14
44297,8
44297,14
8785,9
8785,13
15849,9
15849,11
18990,11
15660,8
1924,1
1924,2
8536,1
8536,2
9531,1
9531,2
9531,5
11411,1
11411,2
138,11
3035,8
3035,11
3076,11
3079,11
13666,8
13666,11
29794,5
29794,11
29794,16
9077,11
36685,5
36685,9
36685,11
30168,5
30168,7
10785,8
10785,11
19483,11
8974,1
11549,11
11549,16
18158,1
17918,11
37305,8
37305,17
18784,8
18784,17
509,5
509,14
1090,13
1090,16
15059,8
12117,8
12117,16
11779,7
13533,5
13533,14
62676,2
62676,8
62676,16
817,2
817,5
817,6
14283,8
14283,13
14283,14
14283,16
37135,1
37135,2
37135,3
37135,8
2275,6
2275,13
2275,16
24137,5
24137,8
24137,14
10376,8
104,1
104,8
104,16
15800,7
9032,5
9032,8
13821,8
9421,5
55955,5
55955,8
6488,5
6488,11
9473,3
9473,5
8487,1
8487,2
8487,5
8487,18
10279,6
10279,8
10279,16
2105,5
2105,14
1073,6
1073,8
1073,13
1073,16
10239,8
10239,14
10208,2
10208,5
2667,11
2667,13
345,8
345,13
345,16
9825,1
9825,5
9825,11
9825,16
620,5
620,9
2978,5
2978,9
10490,5
11618,9
11618,11
11618,13
11618,16
332,1
332,2
332,5
8914,1
8914,11
9824,1
9824,2
9824,5
9824,9
4806,5
4806,14
33430,8
33430,14
247,6
247,16
10056,6
10056,8
10056,16
967,2
967,8
967,17
802,5
802,8
3175,8
3175,14
3175,17
147,8
1628,8
1628,14
21185,1
21185,5
21185,14
11120,2
11120,8
10136,1
10136,2
10136,5
32060,5
48686,1
48686,16
48259,5
48259,8
873,8
48660,11
26789,1
26789,6
26789,16
3934,5
3934,6
3934,8
108312,8
198469,8
11416,1
11416,2
11416,8
10776,5
10776,11
24452,5
24452,9
24452,11
9710,1
9710,2
9710,5
9710,13
31924,6
31924,13
31924,14
31924,16
30890,5
30890,8
24081,5
24081,8
20242,5
66194,5
66194,11
3526,8
16406,2
16406,5
10386,3
10386,8
745,8
745,13
745,16
913,6
913,8
913,14
912,6
912,14
12229,5
12229,8
67323,5
67323,8
19457,6
19457,8
19457,16
11353,5
17707,8
17707,13
17707,16
9781,2
9781,5
18212,5
18212,8
18212,14
13817,8
12185,5
12185,9
12185,14
28501,8
28501,11
28501,13
25319,8
25319,11
24103,5
24103,11
24103,13
10552,11
10552,16
9267,5
10766,11
10766,16
10768,11
10768,13
10768,16
813,5
2665,5
9406,5
9406,9
9406,11
11418,2
11418,5
11153,2
11153,5
14170,5
2280,5
2280,8
2280,9
11077,5
28597,5
22611,2
22611,3
22611,9
39780,8
39780,14
10396,6
10396,14
10396,16
9944,6
9944,8
9944,16
850,5
10154,5
10154,6
10154,14
10342,5
10342,16
10366,1
9349,1
9349,16
10494,3
10494,16
22314,1
22314,6
22314,8
22314,16
51679,7
11037,1
11955,1
11955,2
11955,8
11955,17
2038,1
2038,16
28737,1
28737,2
11963,13
11963,16
9096,2
9096,8
9096,14
113273,7
1911,1
1911,2
2900,8
2900,16
17709,5
17709,14
37718,5
37718,9
37718,14
2162,1
2162,5
2162,16
14578,5
14578,8
14578,14
40694,5
40694,8
40694,14
49184,5
49184,8
49184,14
10307,9
10307,11
10307,16
11601,11
11601,13
11601,16
1075,5
1075,6
1075,14
21719,8
21719,16
47951,2
47951,8
43832,2
43832,8
43832,14
47697,8
26522,6
26522,8
26522,13
28295,6
28295,11
28295,16
12105,2
12105,3
12105,5
12105,9
14,8
24128,7
11001,1
11001,5
11001,6
10390,8
10390,14
9453,8
704,5
142132,5
24153,8
11797,5
11797,11
18086,5
18086,11
17887,5
17887,14
10669,2
10669,8
10669,16
11527,2
11527,9
40867,5
40867,14
1049,8
1049,13
1049,14
1049,16
28032,3
28032,9
28032,14
11326,8
28377,11
28377,16
10975,1
10975,2
10975,6
10975,16
10974,1
10974,2
10974,5
10398,6
10398,13
10398,16
2290,5
2290,8
24071,5
24071,8
24071,14
62994,5
62994,14
60994,8
60994,14
16112,2
16112,5
32305,1
32305,5
32305,16
14429,5
14429,8
14429,14
15198,5
15198,8
6415,1
6415,5
6415,17
24066,5
24066,6
21430,8
21430,13
10381,1
10381,5
10381,8
171982,5
171982,8
171982,14
60285,17
60285,18
5622,5
5622,8
10349,11
10349,13
42518,1
42518,2
42518,3
29787,8
29787,11
29787,16
9638,11
10576,11
10576,13
10576,16
12662,11
12662,13
12662,16
11712,1
11712,5
11712,8
12618,8
12618,14
12618,16
13824,5
226,6
226,8
10388,6
10388,8
10388,13
10388,16
9346,5
9346,8
9346,14
861,1
861,2
14412,6
14412,16
9377,5
11541,8
11541,14
11901,8
11901,13
11901,18
4929,8
4929,18
11230,1
11230,5
8416,8
11054,5
11054,14
851,8
851,14
24453,8
24453,14
18254,8
18254,14
56235,7
20123,5
20123,6
20123,8
20123,9
16642,8
16642,14
3086,5
3086,14
16305,2
16305,5
16305,14
32255,5
32255,14
19997,6
19997,16
3767,8
3767,14
3767,16
17352,14
17352,17
535,8
535,14
2731,8
2731,14
1654,1
1654,2
1654,17
14831,2
14831,5
658,1
658,2
658,16
657,1
657,2
657,16
646,1
646,2
646,16
5689,2
5689,8
5689,14
391,18
8052,6
8052,8
772,2
772,5
31650,8
31650,14
31650,16
550,8
550,16
12220,5
12220,8
12220,14
1610,5
1610,14
42881,8
29064,8
29064,9
29064,16
404,8
42196,8
42196,11
42196,16
36819,2
36819,5
36819,9
42726,8
42726,14
9343,2
9343,8
16858,8
42006,8
42006,14
11562,5
11562,6
11562,8
10496,11
10496,16
16162,5
16162,8
8649,8
31306,5
31306,8
10563,5
10563,14
14484,8
14484,14
32043,8
32043,9
32043,11
32043,13
32043,16
15247,16
29251,7
5548,1
5548,16
5549,1
5549,2
5549,6
5549,16
856,3
856,5
856,6
856,9
38772,5
38772,8
699,1
699,2
699,16
709,1
709,2
709,16
253,1
253,2
253,16
13511,11
660,1
660,2
660,16
11377,11
26149,8
492,5
492,8
492,9
128,2
128,3
128,9
8672,7
8056,5
8056,8
8056,17
2020,5
2020,14
9481,6
9481,8
9481,13
9481,16
9008,8
9008,16
14242,5
14242,7
16129,5
16129,8
16129,14
11489,8
28145,8
18111,5
18111,11
31361,5
31361,8
11223,11
11223,13
11223,16
16281,5
16281,11
16288,5
16288,11
1694,5
1694,11
476,6
476,8
37094,6
37094,8
37094,16
13555,11
961,1
961,2
961,5
961,14
961,17
24831,11
25560,5
25560,14
21610,1
21610,6
21610,16
11878,8
11878,16
11510,5
11510,11
11234,1
11234,8
11234,16
957,5
11886,2
11886,3
37853,5
37853,8
37853,17
62204,2
62204,8
11040,2
11040,5
11040,8
11040,18
21849,8
1621,5
14035,5
40771,5
40772,5
40773,5
11498,6
11498,8
11498,13
11498,14
11498,16
11790,5
11790,8
29371,5
29371,8
29371,14
47941,5
21349,5
21349,8
21349,14
1832,2
1832,5
1832,9
10047,1
10047,2
10047,8
10047,17
10228,1
10228,2
10228,3
10228,9
47692,8
47692,16
18561,6
18561,8
18561,13
18561,16
144953,5
144953,13
144953,16
11663,5
11663,8
13485,5
13485,8
13485,14
9289,1
9289,8
9289,17
9264,8
9264,16
18222,8
18222,14
18222,16
11165,8
11165,17
4203,5
4203,8
24226,8
11379,2
11379,5
11379,14
29154,8
2039,5
2039,8
2039,14
77915,8
77915,14
11943,1
11943,2
11943,8
11943,18
11481,8
11481,11
11481,16
2690,5
2690,14
20565,7
27141,8
10399,8
10399,14
2668,9
2668,11
2668,13
2668,16
36643,1
36643,2
36643,16
99,5
99,8
25898,5
25898,9
9647,5
9647,8
9647,9
11787,5
11787,9
5156,8
24276,8
11953,1
11953,8
11953,17
29005,8
29005,18
26371,8
26371,14
596,8
52470,5
20334,5
20334,8
20334,14
11393,8
31121,5
31121,8
293,8
10998,8
10998,14
10998,16
12235,16
36094,8
36094,14
9013,5
9013,6
9013,16
11005,8
59820,8
59820,14
2924,1
2924,6
2924,8
2924,16
177,5
177,8
38557,8
13681,8
34760,8
9946,1
9946,9
9946,11
863,3
863,5
31582,5
31582,6
31582,8
22267,8
22267,14
22267,17
22267,18
10411,5
20024,8
20024,14
13787,5
13787,8
9684,5
9684,8
9586,5
9586,8
70801,5
70801,8
777,8
777,17
21887,8
32331,8
32331,14
32669,6
32669,8
32669,13
32669,14
18161,7
31681,2
31681,8
31681,17
32274,8
10402,5
10402,14
497,6
497,8
497,9
1715,8
42739,8
25188,8
25188,14
15515,1
15515,2
15515,9
1439,8
1439,14
2277,8
10137,2
10137,5
10137,9
10387,8
49948,3
334,8
30237,8
30237,14
50116,5
50116,8
46435,5
46435,8
22213,1
22213,6
22213,8
22213,16
36492,5
36492,8
36492,14
624,2
624,8
26578,6
26578,8
26578,16
43103,8
43103,14
9563,8
1850,5
1850,8
926,2
926,5
1213,6
1213,8
1213,16
10471,5
10400,8
10397,8
12524,8
28216,7
36773,8
10219,8
10219,14
3558,8
17908,5
17908,8
10384,11
10384,16
48233,8
10236,8
10236,14
632,5
632,8
632,17
11851,1
11851,6
11851,13
11851,16
5924,6
5924,8
14886,5
14886,8
26617,8
10493,11
10493,16
16241,8
16241,13
22160,6
22160,8
22160,14
22160,16
9644,1
9644,5
9644,6
13342,5
13342,14
35119,8
14919,1
14919,2
14919,3
14919,6
14919,13
14040,8
22692,8
22692,14
2990,8
2990,13
2990,16
10831,5
10831,13
33078,5
33078,8
16672,8
16672,16
10472,5
10472,8
10472,14
21489,16
13005,5
18681,13
18681,16
20468,5
14521,5
10406,5
14741,5
14741,8
14741,14
1883,8
2005,5
6279,5
11087,8
11087,16
7305,2
7305,8
24735,8
24735,13
9475,8
8872,5
8873,5
11287,5
11287,8
9869,1
9869,6
9869,8
9869,16
619,1
619,8
619,14
9374,5
9374,9
9374,11
11259,2
11259,8
11259,14
11259,18
8293,8
8293,14
11068,5
11068,8
11068,14
1923,8
1923,11
1923,13
10158,5
10158,8
10206,1
10206,5
10206,11
11782,1
11782,6
11782,16
10086,5
10086,6
9367,1
9367,6
9367,16
9367,18
9876,1
9876,5
10326,2
10326,8
10326,9
10326,14
16562,5
16562,8
16562,14
9609,8
12143,6
12143,8
4234,11
4234,13
9605,11
9605,16
8374,1
8374,6
8374,16
29076,1
29076,5
29076,14
29076,16
28156,11
28156,16
113096,7
24349,5
24349,8
24349,14
27841,5
27841,13
1907,2
1907,8
1907,14
1907,16
15489,2
15489,5
15655,3
15655,5
36210,8
30062,11
30062,16
62463,6
62463,8
25934,8
14181,6
14181,8
14181,16
10385,5
10385,8
2787,1
2787,16
2069,5
2069,6
61416,5
61416,8
61416,17
79515,7
28978,5
28978,8
28978,14
901,5
901,8
901,14
25010,5
25010,8
25010,14
10098,5
10098,8
33374,5
33374,11
127602,5
127602,14
2155,1
2155,6
2155,16
11004,5
11004,8
20682,5
20682,6
25166,5
25166,6
25166,13
1831,5
1831,8
1831,14
10416,5
10416,8
10416,14
14271,7
4816,6
4816,8
19958,8
19958,14
28569,8
28569,14
2193,5
2193,8
2193,14
11016,6
11016,16
20423,7
24481,5
24481,14
11296,8
11296,17
28172,11
57855,2
14280,1
14280,2
14280,8
29478,8
29478,14
73642,5
2067,2
2067,13
622,11
622,13
622,16
28463,8
28463,14
12186,5
12186,8
12186,9
12186,14
20283,5
20283,8
5693,8
287,5
287,14
968,6
968,8
968,16
838,5
838,8
16958,6
16958,8
3114,18
12501,8
12501,14
12501,18
31618,6
31618,8
31618,16
15873,1
15873,17
68427,8
68427,14
48213,8
48213,17
35412,8
35412,14
8333,6
8333,16
19259,5
820,8
820,16
11718,5
11718,6
11718,13
8989,5
8989,8
8989,9
32031,1
58048,2
58048,5
58048,6
58048,14
26827,5
26827,14
11157,5
28370,5
28370,9
28370,14
918,5
918,14
61178,1
61178,5
61178,6
61178,14
11176,2
11176,5
14900,5
14900,6
14900,13
14900,14
11899,5
11899,14
18890,3
19736,1
19736,2
123047,5
123047,8
123047,14
24575,1
24575,2
24575,8
24575,16
16535,8
16535,14
10971,1
10971,8
23928,2
23928,17
462,8
9532,11
117259,5
117259,8
2383,2
2383,8
53879,8
53879,14
1396,8
11570,2
11570,5
1541,2
1541,6
1541,8
17443,8
8469,5
27995,5
27995,14
36739,5
36739,8
925,8
41823,8
1713,8
1713,14
30547,8
54825,3
54825,5
13939,1
13939,6
13939,8
14373,1
14373,6
14373,8
14373,16
24873,1
24873,6
24873,8
24873,16
26263,1
26263,6
26263,8
26263,16
34746,1
34746,6
34746,8
996,6
996,16
9079,8
9079,14
1498,1
1498,2
1498,5
1497,1
1497,2
1497,5
1499,1
1499,2
1499,5
1499,9
1880,1
1880,8
1880,16
1880,17
33762,1
11690,1
11690,8
11690,16
29143,11
29143,13
29143,16
35292,5
36652,8
36652,14
801,5
801,8
801,17
104301,8
104301,14
11520,5
11520,14
1879,8
1879,14
2085,1
2085,6
2085,16
13539,8
13539,14
16222,5
16222,8
16222,14
109479,8
109479,16
17078,8
33516,11
9960,2
9960,8
9960,16
3082,5
3082,8
3082,14
12187,5
12187,9
12187,14
24748,8
24748,18
990,8
990,14
1908,8
9764,2
9764,8
840,8
42237,8
26689,1
26689,2
26689,6
26689,8
26689,16
25673,6
25673,8
25673,14
2291,8
2291,11
2291,13
13531,5
13531,8
16620,8
526,2
526,5
526,9
13346,5
13346,8
13346,14
243,5
243,8
243,14
10501,2
10501,3
10501,5
10501,9
11478,6
11478,8
11478,16
879,2
879,5
879,9
85689,1
85689,2
85689,8
85689,14
17529,18
118098,8
1793,5
1793,8
11327,6
11327,8
1700,8
1700,16
54087,5
54087,8
34322,5
34322,8
34322,14
41659,8
41659,14
593,8
593,13
10774,8
10083,8
10083,16
29786,5
29786,8
11356,5
10747,18
10559,6
10559,16
20697,1
20697,5
2621,5
2621,14
10479,8
10479,17
125709,8
49721,5
49721,14
2006,5
2006,9
2006,14
17339,2
17339,8
17339,17
11305,5
13665,5
13665,8
13665,14
12309,5
1552,5
1552,8
106,1
106,2
106,16
10333,8
10333,14
11027,6
11027,8
11027,14
11027,16
123757,5
123757,8
123757,14
10468,5
10468,8
1359,6
1359,8
1359,16
4967,5
4967,14
31776,5
31776,6
31776,8
10557,5
10557,8
27745,7
13776,5
13776,8
26291,5
26291,6
26291,8
10784,8
10784,14
10242,8
10242,11
10242,16
16347,5
16347,8
4825,5
4825,6
4825,14
11654,8
11654,11
10518,6
10518,8
10518,16
11977,5
18041,13
18041,16
14736,5
14736,8
14736,14
3536,1
3536,2
3536,17
1443,8
1443,14
10424,6
10424,8
10424,13
10424,16
28971,8
28971,14
9456,1
9456,9
9456,11
9456,16
889,5
889,14
10564,5
10564,8
10564,14
15723,5
15723,8
19600,5
19600,8
19600,14
125537,5
125537,14
452,5
452,8
36234,8
36234,14
39283,11
65460,11
55667,1
55667,11
12476,1
12476,11
5241,8
5241,14
98,1
98,2
98,8
47724,8
47724,14
11129,5
11129,8
1058,1
1058,8
1058,14
42159,8
42159,14
16395,11
16395,16
38925,5
38925,8
38925,14
13105,5
13105,8
22501,2
22501,3
5491,1
5491,2
10560,8
19419,1
19419,5
23531,5
23531,14
10688,8
10688,16
17889,5
17889,14
39391,5
39391,8
31516,5
31516,14
5683,2
5683,5
113279,7
12518,5
12518,14
10567,2
10567,3
10567,8
10642,5
10642,14
9285,2
9285,5
10569,5
10569,6
21879,5
24918,5
24918,8
955,1
955,2
955,16
8584,1
8584,2
8584,5
8584,18
47295,7
11332,5
11332,8
16093,9
16093,11
16093,13
29372,1
29372,8
29372,17
962,2
962,5
962,8
30588,5
30588,6
30588,8
668,1
668,2
668,16
23518,8
23518,16
691,1
691,2
691,16
44018,8
698,1
698,2
698,16
682,1
682,2
682,16
28973,5
28974,8
28974,14
22994,1
22994,8
22994,17
9600,5
9600,6
38006,2
38006,11
2768,6
2768,8
2768,13
24920,11
21,7
10911,2
10911,16
10911,17
10102,5
10102,8
26912,11
26953,9
26953,11
26954,11
26954,13
26956,9
26956,11
26957,9
26957,11
26958,9
26958,11
80287,1
80287,5
80287,6
6003,8
6003,14
23939,5
23939,9
11072,5
11072,18
23069,2
23069,14
21299,1
21299,2
13368,5
13368,14
985,11
14002,7
541,6
541,8
21137,7
36724,7
938,18
10648,1
10648,6
10648,8
11368,6
11368,8
11368,16
10875,5
10875,8
10875,14
2075,5
2075,6
2075,14
1551,8
1551,11
22500,2
22500,3
22500,9
10246,5
19698,5
23919,5
18835,5
18835,14
26554,5
26554,11
26554,16
15239,1
15239,5
15239,11
28165,1
28165,5
28165,11
28169,1
28169,5
28169,11
15762,5
15762,11
169,1
169,16
865,1
865,16
9663,8
9663,14
26889,5
10128,6
10128,16
9659,1
9659,2
9659,16
8810,1
8810,2
8810,16
9355,1
9355,2
1727,1
1727,2
1727,5
1727,14
635,11
635,13
10068,8
10068,14
11495,11
11495,16
11428,9
11428,11
11428,16
10117,1
10117,5
35936,8
25562,5
51763,8
73079,8
38921,5
38921,6
35463,1
35463,5
9679,1
9679,6
9679,16
51333,5
51333,14
17771,8
17771,14
17771,17
10264,8
31657,8
31657,14
31657,17
29204,3
29204,8
17814,1
17814,6
17814,16
11879,11
21128,6
21128,8
21128,16
482,1
482,6
482,16
592,6
592,8
592,13
31593,6
31593,8
31593,13
31593,16
12611,11
12611,16
14328,8
9040,6
9040,8
25364,8
43002,8
43002,18
5121,5
5121,6
5121,8
195,5
195,6
195,14
6978,1
6978,2
6978,5
6978,9
3133,6
3133,8
3133,14
643,8
643,17
10571,5
10571,8
10571,14
479,1
479,2
479,6
479,16
7450,1
7450,2
7450,3
31023,8
25636,5
25636,8
25636,14
7443,3
7443,5
2123,5
2024,1
2024,8
2024,17
17711,2
17711,3
17711,5
17711,9
2133,1
2133,2
2133,8
29946,8
29946,14
28774,8
28774,11
28774,16
11598,5
9702,6
9702,8
9702,16
9873,1
9873,16
16820,1
16820,16
14864,6
14864,14
14864,16
15379,1
15379,2
15379,8
15379,16
15379,17
12764,1
12764,8
12764,16
12764,17
27352,1
27352,2
27352,17
8348,1
8348,2
8348,5
8348,8
24099,8
24099,16
17897,1
17897,2
17897,8
17897,9
16094,5
16096,5
16096,8
12706,8
12706,16
4244,5
4244,9
4247,5
20770,5
20770,14
1050,5
1050,8
1052,8
1052,13
1052,16
20540,8
23655,8
23655,14
1788,8
1788,14
32275,8
32275,14
32275,18
36657,1
36657,2
44490,5
44490,8
47585,5
47585,8
47585,14
36047,8
36047,13
36047,16
2655,8
2655,11
2655,13
2655,16
12599,2
12599,3
12599,9
93,6
93,8
93,13
9278,1
9278,6
9278,8
18118,1
18118,2
18118,18
11940,1
11940,2
11940,9
24167,8
24167,17
10276,5
19380,1
19380,2
19380,6
19380,16
13783,8
13783,17
11624,5
15867,8
11686,5
29263,8
11830,5
12107,5
12107,9
12107,14
10401,5
10401,8
10401,14
32640,8
10641,8
10641,14
6282,5
6282,8
6282,14
9383,1
9383,16
5551,1
5551,2
5551,16
27723,5
27723,11
2360,5
2360,6
28043,11
33468,11
21866,5
21866,8
21866,14
33408,8
33408,16
11589,2
11589,5
11589,17
15158,1
15158,11
15158,16
16139,1
16139,11
16146,11
26515,9
26515,11
11856,1
11856,2
11856,5
11856,8
13567,11
10860,5
10860,8
10860,14
8420,8
8420,14
18391,5
20850,8
20850,11
20850,16
20850,17
27452,11
27452,13
27452,16
38548,5
20438,5
20438,14
46991,8
46991,14
10391,6
10391,8
10391,11
10391,16
14195,1
14195,5
14195,6
15665,7
15665,8
10393,5
18168,5
18168,14
8843,11
8843,16
10643,1
10643,2
23618,5
23618,7
37136,5
37136,6
37137,5
37137,6
23283,8
23283,14
3110,8
3110,18
14698,8
14698,13
14698,16
11694,5
11694,18
9651,1
9651,2
9651,9
11398,1
11398,6
11398,16
1588,5
19150,1
19150,5
19150,6
41282,5
41282,8
41282,14
12211,1
12211,2
12211,9
10480,5
10480,6
10480,16
80713,8
10685,13
10685,16
1619,1
1619,6
1619,8
1619,16
786,8
14805,1
14805,6
14805,16
51179,6
51179,8
51179,16
46119,6
46119,8
46119,16
18074,5
18074,8
10562,6
10562,8
10562,16
12212,11
12212,13
14629,5
14629,8
14629,9
14629,14
16,6
16,8
13785,5
34299,5
34299,8
22597,5
22597,8
22597,14
19348,8
10637,8
9003,11
9003,16
9064,11
9064,16
11569,11
11569,16
10434,8
10434,9
39113,5
39113,14
469,5
469,8
2160,2
2160,8
2161,2
3073,5
3073,11
911,5
10973,2
10973,11
10787,11
43109,11
9507,6
9507,8
9507,16
27475,5
27475,11
27764,5
27764,11
27767,5
27767,11
40760,5
40760,11
40446,5
40446,11
40446,16
24664,5
24664,8
20455,3
20455,9
10461,1
10461,6
10461,8
10461,16
1485,6
1485,16
1597,5
1597,14
641,6
641,8
10687,8
10687,17
63956,8
63956,14
6521,8
6521,16
10763,5
10763,8
10763,14
16888,5
21142,1
78140,8
2134,2
2134,9
2134,14
2134,16
28605,5
28605,11
42797,5
13465,3
13465,9
13465,11
27033,8
27033,16
20367,8
20367,16
71,5
71,8
1636,5
1636,9
1636,14
10647,8
13762,5
13762,11
13762,13
12207,1
12207,5
11531,11
11531,13
24100,2
24100,5
24100,9
4327,1
4327,2
4327,5
4958,8
4958,9
4958,14
9678,5
9678,9
11978,8
8870,1
8870,16
14295,8
681,1
681,16
11372,1
11372,2
11372,8
11372,16
11372,17
8452,1
8452,8
8452,13
8452,16
10862,8
10862,14
8871,5
8871,9
34045,7
16340,2
16340,3
16340,5
16340,14
10481,5
10867,8
10876,8
9741,8
9741,13
9741,16
146,1
146,2
146,8
146,14
11849,2
11849,8
11849,9
11983,1
11983,8
11983,16
11678,1
11678,2
11678,16
2669,1
2669,8
2609,5
12714,5
12714,8
12714,14
708,1
708,2
708,16
1857,1
1857,2
1857,3
10673,6
10673,8
2604,8
2604,17
10132,8
11064,5
107,5
107,6
40820,5
40820,8
392,5
392,8
392,14
8859,5
8859,13
8859,14
11688,2
11688,3
11688,5
11688,9
12509,8
3981,5
3981,14
711,8
2046,8
2046,11
2046,13
2046,16
5001,8
8358,2
8358,8
5994,5
5994,8
5994,9
5994,14
25520,8
25520,14
1493,1
1493,5
1493,6
134,2
134,5
134,6
21991,5
21991,8
10577,1
10577,9
10577,11
10577,16
21355,8
21355,14
21355,18
29122,5
29122,6
11973,16
1900,6
1900,8
1900,16
44853,8
44853,14
44853,18
10873,8
10873,11
26719,6
26719,8
26719,16
15739,5
15739,8
15413,5
2623,8
2623,14
11209,2
11209,17
11209,18
13715,6
13715,8
13715,16
43258,8
43258,17
10655,8
10655,17
9989,1
9989,6
9989,8
18828,1
18828,2
18828,5
18828,8
18828,14
9816,8
9816,14
20637,6
20637,8
5955,6
5955,8
5955,13
5955,16
17474,8
17474,14
11191,5
11191,8
11191,14
2613,5
2613,8
2613,14
22021,1
22021,6
22021,16
22048,1
22048,6
22048,16
17006,1
17006,5
17006,6
26333,8
26333,14
16723,5
16723,6
16723,8
2018,5
2018,14
10499,8
47943,5
47943,8
47943,13
74340,8
5709,5
11215,5
11215,8
11215,14
26477,5
10937,5
10937,8
10937,14
4639,1
4639,6
4639,8
4639,16
96,1
96,5
96,6
90,1
90,5
90,6
11028,1
11028,6
11028,8
11028,13
19324,5
19933,2
19933,3
19933,9
12919,5
12919,14
15785,1
15785,2
31701,6
31701,8
31701,13
31701,16
17159,5
10110,8
10110,17
18935,5
764,11
15658,8
15658,11
15658,13
15658,16
4918,1
4918,16
28368,8
28368,17
52780,8
26156,1
26156,2
26156,5
26156,8
26156,16
34101,5
32054,8
32054,17
2614,1
2614,5
12704,2
12704,5
580,2
580,11
580,16
24828,1
24828,5
13703,6
13703,8
36914,5
36914,9
1547,5
1547,8
1547,11
1547,14
1547,16
42010,5
42010,8
42010,9
42010,14
2608,5
2608,9
32058,5
32058,14
10019,5
10019,9
10019,14
11649,1
11649,2
11649,9
11649,16
13509,1
13509,5
13509,9
51521,5
51521,9
51521,11
51521,14
34379,1
34379,6
34379,8
24940,5
24940,14
37302,8
37302,9
37302,16
10984,11
10984,16
843,8
843,14
318,8
318,16
12806,5
12806,14
9740,6
9740,8
9740,16
10878,5
10878,6
10878,14
7093,8
7093,14
16300,5
16300,9
16300,14
19405,3
19405,5
1921,8
1921,14
44412,5
21620,5
21620,8
21620,9
21620,14
23685,2
23685,3
23685,5
23685,9
12138,1
12138,2
12138,5
12138,6
12138,16
48217,8
48217,14
6073,1
6073,5
6073,6
6073,14
25208,8
25208,13
25208,16
19513,1
19513,5
19513,16
2749,1
2749,6
2749,16
10050,8
95682,7
2302,8
32686,5
32686,7
32686,8
51802,8
29492,1
29492,5
29492,6
25447,5
25447,8
19490,5
19490,8
19490,9
19490,14
38805,5
38805,8
2428,8
22013,8
15598,5
15598,8
15598,14
62127,5
62127,14
56137,5
56137,8
56137,14
17965,5
17965,11
33250,5
14460,1
14460,2
9594,1
9594,6
9594,8
9594,16
2453,1
2453,16
33676,5
4587,5
4587,8
4587,14
12773,7
11454,6
11454,11
11454,16
38718,8
4192,13
14052,5
16889,5
26580,7
21309,6
21309,8
21309,16
16263,5
16263,14
4985,5
4985,6
4985,8
20704,5
853,17
10877,1
10877,6
10877,16
5257,5
5257,8
77,13
77,16
10833,5
10833,6
10833,14
20309,5
20309,14
12658,5
12658,14
10054,1
10054,2
10054,5
10646,5
10646,14
2575,8
2575,16
55,8
55,16
65075,7
44379,7
2043,1
2043,6
2043,13
2043,16
4133,6
4133,8
56715,5
56715,9
10991,1
10991,2
10991,3
10991,9
15940,5
15940,6
15940,8
15940,16
26791,6
26791,8
26791,13
634,5
634,8
634,14
10956,2
10956,5
10956,8
10956,13
10956,14
19366,5
9519,6
9519,8
9519,16
13898,8
9290,2
9290,5
13166,5
32590,8
32590,14
52654,8
52654,14
70282,8
111,1
111,6
111,8
32488,8
32488,14
10477,1
10477,8
2144,5
2144,6
24113,5
24113,14
1734,1
1734,2
1734,9
4973,8
4973,13
849,1
849,2
849,9
27223,5
39266,7
11307,5
11307,8
11163,8
11163,9
18691,5
18691,14
3784,5
3784,8
3784,14
11936,2
11936,5
11936,9
25221,5
25221,8
25221,17
19494,5
40842,8
19357,5
33743,9
9062,8
9062,14
11174,8
934,6
934,8
934,16
9476,1
9476,2
9476,8
9476,14
37691,5
37691,8
14268,7
5852,8
5852,14
5852,16
808,2
808,3
808,5
808,9
49453,5
49453,14
824,8
824,14
676,1
676,14
676,17
26813,2
26813,8
29572,8
29572,14
29572,17
50541,8
50541,14
26255,5
26255,9
26255,14
1406,5
1406,18
13554,8
17664,17
17664,18
41050,8
41050,14
1632,6
1632,8
1632,13
1632,16
966,1
966,2
966,18
301,8
301,18
11896,5
11896,6
11896,16
25538,8
5923,8
5923,17
15497,1
15497,8
15497,17
11090,5
21056,8
21056,14
9397,1
9397,5
9705,1
9705,6
9705,16
26475,5
26475,8
10364,5
10364,17
32458,5
1089,1
1089,6
1089,16
9967,1
9967,8
9967,17
17494,13
17494,16
17465,8
17465,14
759,5
759,14
10297,5
10297,14
10653,5
10653,14
9576,5
9576,14
10865,2
10865,3
1995,1
1995,2
1995,9
10808,5
10808,9
10808,14
9799,1
9799,6
9799,16
644,2
644,8
16161,6
16161,8
16161,14
16161,16
10691,8
10691,14
10615,1
10615,5
47596,5
47596,14
11826,6
11826,8
11826,16
9301,8
9301,14
11444,5
60670,6
60670,13
60670,16
55551,8
10992,1
10992,2
10992,5
10992,9
2140,1
2140,6
2140,16
4248,5
17612,8
17612,14
3134,6
3134,8
3134,16
8217,5
8217,8
8217,9
8217,14
22478,8
26483,5
24382,5
24382,6
11286,1
11286,5
11950,1
11950,5
36245,5
36245,8
26573,5
23439,8
23439,11
10728,8
10728,9
10728,11
11697,18
6106,8
6106,16
6106,17
22477,8
19200,5
19200,6
19200,13
11300,5
11300,6
11300,14
28650,5
43316,8
43316,14
34689,8
10238,8
4789,8
18030,6
18030,13
18030,16
18988,8
11536,8
11536,14
11536,18
10339,2
10339,8
976,8
69605,8
69605,14
65632,5
65632,8
4780,8
4780,13
4780,16
11906,11
11713,1
11713,8
11713,16
9589,8
12481,1
13333,1
13333,8
13333,16
13938,1
13938,2
13938,5
13938,8
10540,1
10540,6
10540,16
10540,18
9462,1
9462,6
82623,2
2114,1
2114,2
2114,3
2114,9
8835,5
11371,1
11371,6
11371,8
11371,13
11371,16
78248,8
9517,6
9517,8
25985,5
25985,8
25985,14
15745,5
15745,6
24977,7
36107,3
13794,7
13795,7
38965,5
38965,9
47817,8
47817,14
47817,17
31052,5
31052,8
31052,14
10868,6
10868,8
9395,1
9395,6
9395,8
9395,13
9395,16
14506,2
14506,5
14506,9
2,5
2,6
2,8
2,14
26044,5
26044,14
14911,1
14911,8
14911,17
15592,5
15592,8
12710,5
30502,5
19382,5
19382,8
19382,17
9599,11
17170,8
17170,14
18509,5
110428,8
7520,5
7520,8
7520,14
10126,1
10126,6
10126,8
10126,16
9602,5
9602,14
23752,5
3980,5
3980,11
27397,5
27397,14
9748,13
9748,16
40095,1
40095,5
40095,11
40095,16
10651,1
10651,6
10651,16
10141,5
10141,6
27362,5
27362,6
27362,8
26386,5
25884,5
25884,6
26355,5
26355,8
26355,14
10675,6
10675,8
10675,13
10130,8
2617,5
21362,5
21362,9
21362,11
20443,5
49365,11
49365,13
49365,16
11347,5
11347,11
12144,2
12144,3
13704,5
13704,14
12505,1
12505,8
12505,16
41963,8
41963,14
41963,16
13482,5
13482,8
13482,9
34014,5
34014,14
12120,5
47818,5
47818,8
47818,14
3543,5
3543,8
9604,1
9604,6
10925,5
10925,11
13965,2
13965,18
24266,2
24266,8
24266,14
24266,18
18197,6
18197,8
18197,14
11503,11
11503,16
11966,5
11966,8
2605,5
8740,13
8740,16
41428,11
8337,1
8337,16
28176,8
9493,5
12582,5
12582,6
10001,5
11352,8
11352,9
11352,14
12500,1
12500,2
1648,2
1648,5
4105,1
4105,8
4105,16
22711,5
22711,8
22711,14
19124,1
19124,16
10142,8
10142,17
3064,5
3064,9
3064,14
10134,1
10134,2
10134,16
21291,8
30352,1
30352,5
30352,6
15142,5
15142,9
15142,14
14550,5
14550,6
14550,16
2210,5
2210,14
21721,8
11828,2
11828,5
11828,9
10551,5
10551,6
10551,8
20713,2
20713,17
27461,8
27461,17
1380,1
1380,6
1380,16
11465,8
17190,5
17190,8
17190,14
9085,5
9085,6
9085,8
17819,5
17819,6
14776,5
14776,8
14776,9
29185,6
29185,8
29185,16
32059,5
32059,6
32059,13
32059,16
505,6
505,8
505,16
4486,5
4486,8
4486,14
10345,1
10345,5
10345,6
10222,1
10222,8
10222,16
12774,8
19118,5
15138,2
15138,5
15138,9
9494,5
17362,5
17362,14
9942,5
8216,5
8216,9
24739,1
24739,5
24739,8
24739,14
24739,16
9686,5
9686,8
9686,14
27418,1
27418,2
27418,6
27418,8
27418,16
39002,1
39002,8
31606,1
31606,6
31606,16
37146,5
20006,1
20006,2
20006,5
20006,8
20006,14
8867,1
8867,6
8867,8
8867,16
331,1
331,2
331,16
11467,5
11467,14
327,6
327,8
327,16
1548,5
1548,8
13403,5
13403,8
869,1
869,2
869,16
552,5
552,14
36095,6
36095,11
36095,13
36095,16
33379,1
33379,5
33379,6
33379,8
33379,14
2171,5
41946,1
41946,2
41946,5
10135,1
10135,16
19236,8
19236,11
19236,16
60276,5
12150,6
12150,8
12150,14
11185,5
11185,6
47045,5
47045,14
12478,5
12478,8
12478,14
25155,11
25155,16
65015,5
65015,8
24077,5
24077,14
9618,1
9618,5
9618,6
9618,8
9618,16
31608,5
31608,6
22102,2
22102,5
6951,1
6951,5
6951,6
6951,16
11959,5
2616,5
2616,8
249,5
249,8
183,2
183,5
183,8
8494,2
8494,5
8494,6
26535,5
26535,8
26535,14
41784,2
41784,8
27431,11
27431,13
27431,16
2148,6
2148,8
31941,1
31941,6
31941,8
27813,5
27813,11
2057,8
2057,13
2057,14
2057,16
9880,5
9880,14
5175,1
5175,5
5175,6
41951,8
11385,1
11385,2
11385,5
4484,5
44258,8
20391,5
20391,18
12584,18
70042,7
11542,11
11542,16
17169,1
17169,2
17169,5
39176,11
19267,1
19267,5
2770,5
2770,14
12610,1
12610,2
12610,3
12610,5
1933,11
1933,13
1933,16
13496,1
13496,18
21055,5
21055,14
24936,6
24936,8
24936,13
24936,16
10972,8
10972,11
10972,13
1722,8
1722,14
1722,17
9896,2
9896,5
9683,2
9683,5
9683,14
2779,5
2779,6
2779,14
2294,1
2294,2
2294,5
10016,1
10016,11
26602,5
26602,14
22230,5
22230,14
13966,5
13966,14
742,5
742,8
742,14
15104,5
15104,8
15104,14
8922,11
11065,8
11065,14
11065,16
16314,1
16314,2
16314,5
18885,1
18885,2
18885,5
40508,1
40508,2
40508,5
16307,11
11370,1
11370,2
11370,14
12508,5
12508,8
25462,5
25462,14
18734,6
18734,8
44321,6
44321,8
44321,14
58062,7
58062,17
2176,8
2176,16
20857,8
22617,1
22617,8
22617,16
75386,5
2185,1
2185,5
2185,6
2185,13
2185,16
10696,8
10696,14
2034,1
2034,6
2034,8
21538,1
21538,5
48834,8
31016,5
31016,8
31016,14
32567,7
12537,8
12537,14
9028,8
9028,18
16180,11
16180,13
11521,8
21028,5
21028,8
21028,14
27327,5
27327,9
27327,11
29756,11
20115,11
20115,13
20115,16
30295,2
30295,5
30295,14
25767,5
25767,14
22874,5
22874,14
11576,1
11576,2
11576,5
11576,6
43860,1
43860,2
43860,8
43802,8
9660,5
9660,14
9660,17
15393,8
15393,16
248,5
248,8
1644,8
1644,11
1644,13
1644,16
12502,8
66092,8
10373,8
13766,2
16380,8
12103,6
12103,13
12103,16
11313,8
9398,5
45864,1
45864,2
45864,5
45864,14
10866,8
10866,13
10866,16
34549,5
9778,5
9778,14
58429,8
16121,8
16121,17
40220,11
166,5
166,8
166,14
1623,6
1623,8
40932,5
13550,11
16769,8
42158,8
42158,14
1716,8
1716,14
1716,17
3172,5
3172,6
17708,1
17708,5
17708,6
12780,1
12780,6
12780,8
570,8
1018,8
1018,13
1018,16
25641,5
25641,8
25641,14
16767,1
16767,3
11380,6
11380,9
11380,11
11380,16
984,1
984,6
984,16
14811,8
14811,14
55727,5
9585,8
9585,16
14267,5
14267,6
45929,7
768,11
768,13
768,16
2100,1
2100,8
2100,16
11091,5
11091,8
18192,8
9081,3
9081,8
9081,9
167,8
167,13
9378,11
9378,16
27444,5
27444,8
27444,14
141,8
141,9
141,13
10034,1
10034,5
10034,6
11457,8
10778,6
10778,8
67385,8
11456,6
11456,13
11456,16
585,3
585,5
10796,1
10796,16
23949,8
11088,1
11088,6
11088,8
11088,16
9889,5
9889,8
9889,9
9889,14
45964,11
45964,16
671,2
671,9
20794,5
20794,6
20794,16
11469,2
11469,5
11469,9
14369,5
1535,1
1535,6
1535,16
1433,8
1433,9
1433,11
1433,16
1999,8
1999,16
12472,5
11834,5
11834,9
16085,5
16085,8
16085,14
269,6
269,8
16441,1
16441,2
16441,9
11422,1
11422,8
11422,17
31037,8
31037,17
10656,1
10656,16
32847,8
32847,14
39938,8
14584,5
14584,6
14584,13
58886,5
58886,8
72277,8
72277,11
72277,13
5781,5
5781,8
5781,14
23805,5
11033,11
11033,13
11033,16
3537,8
8738,1
8738,17
3604,1
3604,2
6974,2
6974,11
10649,1
10649,6
42566,1
42566,2
42566,6
17689,1
17689,6
17689,8
17689,16
10847,2
10847,8
10847,16
33525,5
27591,2
27591,9
299,5
299,6
299,16
42160,1
42160,5
42160,8
42160,14
42160,16
10650,1
10650,6
10650,16
8007,1
8007,8
8007,16
8007,17
19076,8
19076,14
50562,7
13503,1
13503,2
13503,8
13503,16
13503,18
161,6
161,16
43774,8
43774,14
31064,8
31064,16
31682,2
31682,8
31682,11
8342,1
8342,17
4886,6
4886,8
4886,13
228,8
23111,5
23111,8
23111,14
194,5
194,14
11397,5
1903,13
1903,14
11889,8
11889,14
28171,8
9523,6
9523,8
9523,13
9428,5
9428,8
1649,2
1649,5
11938,5
24264,1
24264,2
24264,9
26978,2
19209,2
19209,8
8386,5
12589,2
12589,3
12589,5
12312,5
12312,8
12312,14
11232,5
11232,9
11232,14
120,1
120,2
120,9
11086,8
11086,14
453,8
453,14
11414,2
11414,6
11414,8
11414,16
10794,5
5052,2
5052,5
5052,6
37257,6
37257,8
37257,13
8489,8
855,1
855,17
12660,8
12660,14
12660,17
10269,8
10269,14
5279,8
5279,13
5279,16
10950,8
1365,8
1365,14
6440,8
6440,14
6037,5
6037,6
6037,13
6037,16
61418,8
11857,5
11857,8
6312,1
6312,2
6312,11
11595,1
11595,5
11595,6
11595,16
24166,8
24166,14
10170,8
10170,14
10170,16
18317,5
18317,8
18317,9
18317,14
848,2
848,9
9610,1
9610,2
9610,9
15035,3
15035,9
4965,1
4965,16
11891,1
11891,5
11888,2
11888,5
150,1
150,5
150,6
112,5
112,8
112,14
20678,1
20678,2
20678,5
20678,6
15050,16
10423,1
10423,8
57976,7
651,5
651,8
651,17
20620,11
20620,16
18647,8
18647,18
11362,1
11362,2
11362,8
11362,16
2637,8
2637,11
2637,13
10229,8
10229,14
12659,8
68149,7
35650,5
35650,8
9606,3
11447,8
16550,5
16550,8
13915,5
13915,8
34723,2
34723,8
31674,5
31674,14
20009,5
20009,14
2084,5
2084,6
2084,16
74692,5
74692,8
74692,13
74692,14
4031,5
4031,8
11870,2
11870,5
9884,1
9884,8
9884,16
11535,1
11535,16
27593,5
27593,6
11212,2
11212,5
11212,6
28345,8
21845,5
11528,5
11528,8
931,8
931,11
931,16
17130,5
17130,8
17130,14
10592,8
10592,17
8470,6
8470,8
8470,16
16690,2
16690,3
16690,9
39939,5
39939,6
39939,13
9272,8
9272,11
9272,16
14778,5
14778,8
19137,5
19137,6
32499,8
32499,14
33668,5
33668,14
993,6
993,13
993,16
11698,8
10052,8
10052,9
10052,16
11979,9
11979,11
11979,14
13791,5
13791,8
9991,5
9991,8
480,5
480,8
480,14
44340,8
44340,11
44340,16
18984,7
23479,5
15999,1
15999,2
15999,3
15999,9
15999,11
614,8
2752,5
2752,14
10590,1
10590,17
22910,1
22910,6
22910,8
42517,1
42517,8
13225,2
13225,3
13225,9
7219,11
18646,5
18646,14
13950,1
13950,2
13950,5
13950,6
13950,16
2135,1
2135,2
965,8
965,14
33135,8
33135,14
33135,16
54287,1
54287,16
32030,2
32030,5
29343,11
27458,5
27458,8
14807,6
14807,8
14807,16
39543,5
39543,8
39543,14
30924,5
30924,11
24549,7
24825,1
24825,2
24825,16
38147,5
38147,9
24032,5
24032,9
425,2
425,3
425,5
1576,1
1576,11
5851,1
5851,5
25014,8
25014,14
25014,17
15647,5
38880,7
1391,8
1391,14
18172,8
18172,14
31805,2
31805,5
31805,14
10627,8
42750,8
27930,7
27930,8
259557,1
259557,2
259557,8
28124,5
28124,14
15119,1
15119,2
12705,1
12705,5
11006,1
11006,2
11006,5
15120,1
15120,5
15120,6
21629,5
21629,6
36586,1
36586,9
36586,11
36586,16
6020,5
39541,5
39541,8
18292,8
15028,2
15028,16
9275,5
9275,6
9275,8
9275,16
4547,6
4547,8
4547,16
14635,8
29135,8
29135,9
29135,11
1791,8
1791,14
35651,8
22784,6
22784,8
24585,5
24585,14
17990,5
17990,8
17990,14
11560,6
11560,8
11560,13
11560,16
11452,5
11452,14
18435,5
18435,8
18435,14
35944,5
35944,6
26851,7
548,6
548,8
548,13
11590,5
11590,8
1537,8
1537,16
12149,6
12149,8
12149,16
11812,5
11812,14
35080,6
35080,8
35080,13
35080,16
441,5
441,8
8346,5
8346,8
8346,14
14168,8
14168,16
14168,18
2565,5
2565,14
307,8
307,17
6393,5
12154,5
11630,5
21970,9
21970,11
21970,16
11892,6
11892,8
11892,16
9334,1
9334,2
9334,9
10491,8
10491,13
10491,14
10491,16
10491,17
18079,6
18079,8
18079,16
35337,5
35337,8
35337,14
59199,8
11470,11
16643,5
16643,8
16643,14
1282,7
69324,8
69324,14
11468,6
11468,8
11468,13
11468,16
26030,1
26030,6
26030,8
10164,5
10164,6
10164,8
28117,5
28117,9
28117,14
40555,8
40555,14
28384,5
28384,8
28384,14
27094,8
56179,8
56179,17
5203,8
5203,14
13201,1
13201,6
13201,8
9689,5
9689,8
557,1
55106,5
55106,14
39154,11
24767,1
24767,2
33796,2
33796,8
12227,1
12227,2
12227,8
10985,5
2251,8
2251,14
2251,16
2894,8
2894,14
2894,17
14117,5
14117,14
14117,18
38360,8
38360,14
38360,17
28907,5
28907,14
28907,18
245,5
245,8
245,14
1894,1
1894,2
4012,8
9026,5
9026,8
9026,14
15417,1
15417,2
15417,5
15417,8
15417,14
28577,6
28577,8
13963,7
1957,8
1957,16
320,6
320,8
320,16
9023,2
9023,3
9023,8
9023,18
27834,5
27834,8
17734,8
24008,5
53229,8
4614,1
4614,8
4614,16
12277,1
12277,5
15677,8
15677,14
13153,1
13153,6
13153,8
13153,16
811,2
811,8
3132,1
3132,2
3132,5
3132,16
9583,5
9583,8
18408,5
18408,8
18408,13
18408,16
13245,8
13245,9
2501,1
2501,8
2501,13
2501,16
9637,2
9637,5
9637,13
12100,1
12100,17
16857,5
16857,8
52258,5
52258,8
10394,1
10394,6
10394,8
10394,16
27451,8
15813,1
15813,8
15813,17
18905,2
18905,5
14774,5
17898,11
21635,13
21635,16
27945,18
30194,16
10169,5
10169,6
13909,8
13909,18
41805,6
41805,13
35696,5
11544,3
11544,5
180,1
180,16
9555,2
9555,8
57022,8
17710,2
17710,3
17710,5
17710,8
17710,16
2022,5
2022,14
50035,5
50035,8
50035,14
9719,5
9719,8
9719,14
11982,5
11982,14
12251,1
12251,5
12251,6
12251,8
12251,14
12251,16
88818,5
88818,6
88818,8
30114,2
30114,5
30114,18
21972,5
21972,9
608,1
608,5
59387,1
59387,3
26290,8
17043,1
17043,2
17043,5
6278,1
6278,2
6278,9
4147,6
4147,8
4147,16
16664,6
16664,8
14651,5
14651,14
15096,11
20324,5
49370,8
49370,14
14902,8
2721,6
2721,8
2721,16
11442,11
11442,16
1364,8
1364,14
8869,1
8869,5
8869,11
8869,16
8665,8
8665,13
8665,16
8665,17
10996,2
10996,5
818,5
818,6
29047,7
39141,5
39141,8
39141,14
33152,1
33152,5
33152,6
6404,8
6404,11
19133,1
19133,5
24130,1
24130,2
24130,5
23728,1
23728,2
23728,5
3780,8
10786,2
10786,14
8764,5
13908,2
13908,5
13908,9
2675,11
2675,16
12308,5
12308,8
12308,14
9488,1
9488,2
9488,5
9962,5
9962,8
9962,14
9573,1
9573,6
9573,13
9573,16
7451,1
7451,2
7451,6
7451,8
7451,16
2750,5
2750,8
43772,5
20337,5
20337,7
34070,5
34070,8
10081,1
10081,2
10081,6
10081,8
11484,1
11692,1
11692,5
9266,2
9266,8
9266,14
3640,5
3640,14
30072,8
30072,13
30072,14
9357,8
9357,16
12771,5
9296,5
9296,8
9296,14
15070,1
15070,6
15070,8
26942,5
26942,14
97447,8
11243,2
11243,3
11243,5
11243,9
19975,2
19975,3
10323,1
10323,2
10323,9
9595,1
9595,5
9595,17
46878,11
46878,16
24750,2
24750,5
24750,8
24750,16
9941,5
39833,8
39833,14
39833,18
10859,1
10859,5
10859,14
9544,6
9544,11
9544,16
31514,5
26056,8
26056,16
13536,6
13536,8
13536,13
20616,8
20616,13
20616,14
20616,16
16806,5
16806,6
15516,6
15516,11
9299,11
9299,16
10611,5
10611,8
12770,5
12770,6
12770,8
4108,1
4108,6
4108,16
55903,6
55903,8
55903,16
9685,5
9685,8
16370,2
18913,5
18913,14
14361,2
14361,5
18943,5
18943,6
32685,5
32685,11
12262,11
33506,5
33506,8
29515,6
29515,8
41582,5
34086,5
11504,1
11504,5
19049,8
19049,18
5506,5
5506,6
32961,5
32961,6
32568,5
19460,5
19460,8
19460,14
575,8
575,16
10550,1
10550,2
10550,16
9034,5
9034,8
9093,1
9093,2
9093,8
9093,14
9093,17
9039,6
9039,16
1958,5
1958,13
1958,16
23550,8
23550,14
68569,8
68569,17
11013,5
11013,8
11013,14
129,3
129,9
54714,7
11529,5
11529,14
10771,1
10771,5
10771,16
31005,8
31005,14
2110,1
2110,5
2110,8
15173,2
15173,3
15173,5
9533,6
9533,11
9533,16
4107,8
10575,6
10575,8
10575,14
10575,16
15720,8
15720,14
9260,5
9260,6
21828,8
21828,14
1682,1
1682,8
18983,11
24348,7
19140,8
37606,8
37606,14
11868,11
12921,5
12921,6
19953,3
19953,5
19953,17
12719,1
12719,5
12719,6
12590,11
12590,13
12590,16
37964,5
37964,14
7501,6
7501,16
1809,5
1809,8
1809,14
13768,8
13768,9
13768,14
10994,8
1430,7
1430,8
19973,5
19973,7
12600,2
12600,3
12600,9
8051,5
8051,8
8051,14
12779,5
12779,14
1613,1
1613,5
1613,6
1613,16
565,11
565,13
14112,6
14112,8
15192,8
15192,17
21925,7
30309,5
30309,8
20861,8
12647,6
12477,3
12477,8
12477,17
11009,8
10805,8
10805,14
17496,8
17496,14
17496,18
5917,1
5917,8
5917,18
31278,1
44932,11
30709,5
30709,8
19429,8
19429,14
11340,1
11340,5
11644,6
11644,13
11644,16
6399,1
6399,2
6399,5
25773,8
26560,5
26560,14
31679,16
12237,7
12237,11
15901,7
15901,11
12579,8
12579,14
85058,5
85058,8
25113,5
25113,8
25113,14
28893,1
28893,2
28893,11
11646,8
11646,17
24634,8
24634,11
24634,16
21764,5
21764,14
37936,11
37936,13
21874,16
31407,5
16471,5
16471,14
39874,11
39874,16
25468,5
25468,8
19507,5
31646,11
14269,5
14269,8
1672,1
1672,2
1672,16
9645,11
9645,13
9645,16
9012,1
9012,5
9012,7
13098,1
13098,6
13098,8
13440,13
13440,16
12454,8
1360,8
1360,14
13441,5
13441,8
12208,1
12208,2
12208,5
11905,9
11905,11
1941,8
1941,17
31918,5
31918,17
19662,5
19662,8
8427,1
8427,2
8427,5
8427,16
9021,5
9021,9
9280,6
9280,13
9280,16
65,8
10712,8
10712,14
672,2
672,9
16351,8
16351,17
542,8
542,14
30192,7
11617,18
81530,8
81530,16
34341,5
34341,14
11880,1
11880,11
11880,16
1377,5
1377,14
2528,8
2528,14
12716,2
12716,8
12717,2
12717,5
12717,8
12717,14
13888,2
13888,8
10750,1
10750,2
10750,16
25566,8
13386,5
9538,11
49934,5
49934,8
49934,14
42371,5
42371,14
11524,6
11524,8
11524,16
36669,1
36669,2
36669,16
17187,8
10426,5
10426,8
32625,8
8198,8
8198,14
8198,16
8198,17
64,8
64,14
13376,3
13376,5
15074,1
15074,2
15074,16
2103,8
2103,13
9016,2
9016,3
9016,9
16028,11
16028,16
27070,5
27070,11
20992,6
20992,8
66091,8
66091,14
6007,5
6007,8
25239,11
25239,16
25284,6
25284,8
25284,14
25284,16
35612,5
35612,8
14433,1
14433,8
14433,17
9932,5
9932,6
13369,1
13369,6
13369,8
2757,5
2757,6
2757,8
7299,1
7299,16
4241,5
4241,8
4241,11
4241,16
22257,5
22257,6
17360,8
17360,17
38849,16
29743,5
40219,9
40219,11
16363,5
171,5
171,8
171,14
42124,7
17590,5
17590,6
17590,16
13497,5
13497,8
13497,14
11852,5
11852,9
7303,5
7303,8
7303,14
201,1
201,2
201,16
2755,5
2755,8
21868,8
10856,1
10856,5
10856,8
10856,14
10856,16
18602,8
121,1
121,2
121,9
25838,8
25838,17
1429,6
1429,8
13435,8
13435,14
3131,6
3131,8
2642,5
2642,14
11022,6
11022,8
11022,13
11022,16
9491,16
2149,8
2149,14
2149,16
20139,8
19067,8
19067,17
14931,1
14931,6
14931,8
14931,16
11317,5
4032,5
4032,8
8392,3
8392,9
12232,2
12232,9
12232,14
11706,8
11706,14
11706,17
26946,11
16938,6
16938,11
16938,13
4561,8
16993,8
21332,1
21332,2
21332,8
640,6
640,8
10599,5
10599,9
1574,5
1574,6
1574,8
590,8
13560,8
13560,17
29339,2
29339,8
423,8
423,17
16225,1
16225,2
16225,3
16225,9
262,5
262,8
15395,5
15395,8
4912,5
4912,6
4912,8
4912,14
4912,16
23626,5
23626,7
12090,5
12090,14
36273,1
36273,6
36273,8
9582,5
9582,14
10628,1
10628,2
10628,5
10628,6
11078,1
11078,5
11078,6
598,6
598,8
43886,8
43886,14
11222,6
11222,8
11222,16
13199,6
13199,8
8073,5
8073,6
8073,8
15278,5
14667,8
14667,14
15734,5
15734,14
34148,8
34148,14
53027,5
53027,14
26252,6
26252,8
26252,14
24742,5
24742,14
5968,5
5968,14
10727,11
10727,16
9045,8
9082,7
80965,11
80965,16
61807,8
61807,14
7514,6
7514,8
39349,1
39349,6
39349,8
39349,16
12253,1
12253,8
9358,11
9358,13
1647,1
1647,16
9027,5
9027,8
9027,14
21189,7
10894,5
10894,8
10894,11
28528,8
12490,5
12490,16
15802,8
10724,1
10724,2
10724,16
37191,6
37191,13
37191,16
81001,5
81001,9
81001,14
10150,2
10150,3
10150,9
16407,1
16407,5
8288,5
8288,14
15600,8
15600,13
15600,16
11949,5
42130,8
42130,17
23942,2
23942,14
25872,2
25872,5
25872,14
14645,5
21923,5
21923,7
1563,7
17132,5
59533,5
29702,11
29702,13
29702,16
24830,1
24830,5
24830,16
9699,5
9699,6
9699,13
30789,11
30789,16
47955,8
47955,11
47955,16
23943,5
9919,5
9919,14
6038,1
6038,2
6038,5
6038,18
9480,1
9480,9
14873,2
14873,3
13132,8
13132,14
1956,2
1956,8
1956,13
12112,8
12112,14
12112,16
12139,5
24883,2
17264,2
33364,8
33364,14
59401,17
22233,5
22233,14
4952,5
4952,14
991,8
991,9
4911,6
4911,8
4911,16
16072,8
16072,17
11615,6
11615,8
11615,16
11635,5
102,8
102,14
14293,5
14293,8
14293,16
105024,7
10623,1
10623,6
10623,8
9613,8
9613,13
9613,16
21867,8
21867,14
49680,5
49680,8
49680,14
6524,5
11244,1
11244,5
11244,9
23834,1
23834,5
10678,5
10678,8
9567,1
9567,8
9567,17
979,6
979,8
979,16
13819,8
13819,14
1591,8
24186,8
455,5
455,8
455,14
10632,1
10632,6
10632,8
10632,16
10929,8
10929,11
10929,16
16229,8
16229,14
12079,5
12079,6
12079,8
36362,8
23159,5
23159,8
23159,14
15347,2
15347,8
37258,8
37258,13
37258,16
8996,8
8996,17
17729,8
17729,14
12157,5
12157,8
12157,14
11571,2
11571,9
10293,5
10293,8
10293,14
2671,11
2671,16
45129,6
45129,8
42618,5
42618,8
42618,14
41164,8
9557,5
6171,5
13691,3
11523,5
11523,8
11523,14
14675,5
14675,14
10782,1
10782,6
10782,8
10782,13
10782,16
9341,2
9341,16
9776,5
9776,8
10735,5
10735,8
10735,14
16425,8
16425,14
16425,16
25461,8
25461,14
51927,7
51927,8
12516,8
12516,9
1675,5
1675,8
17057,8
17057,13
17057,14
17057,16
6016,6
6016,8
6016,16
8409,1
8409,6
8409,8
1817,6
1817,16
11299,1
11299,3
21052,6
21052,8
7294,5
7294,8
7294,14
9506,5
14290,6
14290,8
14290,14
24982,7
2662,11
12093,6
12093,8
11817,1
11817,5
11817,9
24621,5
24621,14
13370,5
8326,2
8326,5
8326,8
13411,5
13411,6
11516,7
10180,1
10180,5
10180,6
994,6
994,8
994,16
66918,11
10514,16
1714,8
14308,7
9930,5
9930,6
107569,5
107569,8
108553,5
108553,14
12661,5
12661,6
29355,5
24961,2
24961,9
20978,5
20978,8
47762,5
10743,1
10743,5
10743,6
10743,13
10743,16
2832,13
2832,16
31459,5
31459,8
38868,7
15098,8
11458,8
11458,16
16636,7
18736,5
36658,1
36658,2
46989,8
20689,6
20689,8
20689,14
20689,16
13438,8
13438,17
15394,6
15394,8
15394,16
10708,5
22016,6
22016,8
22958,5
22958,8
22958,14
15850,8
15850,14
10989,5
10989,8
10989,14
1816,8
17667,8
17464,8
15259,8
15259,14
10515,1
10515,2
10515,3
10515,9
11424,5
11424,14
34857,5
34857,14
604,1
604,2
604,16
10720,5
10720,14
51230,7
1555,5
1555,8
1555,14
33875,1
33875,2
33875,3
33875,9
310,5
310,9
5146,1
5146,5
30055,7
12544,5
12544,8
12,2
12,3
9654,1
9654,6
9902,11
9902,16
2260,6
2260,7
18385,8
584,1
584,6
584,16
1088,8
5921,18
47423,1
47423,5
47423,6
47423,16
43239,5
43239,14
29425,1
29425,11
51391,6
51391,7
50285,5
50285,14
6646,2
38720,5
38720,14
147729,5
147729,7
15462,5
15462,8
15462,14
43828,5
43828,18
47715,5
47715,8
12629,1
12629,8
12629,16
21027,17
21027,18
11890,5
36807,5
36807,8
36807,9
37662,8
11916,2
11916,14
11916,18
14551,18
26317,7
43490,1
43490,2
43490,8
43490,17
8092,8
290,5
290,8
290,16
2470,5
2470,8
2470,14
10243,2
10243,8
42541,8
42541,14
40085,8
47684,7
2263,8
2263,13
2263,16
3009,6
3009,8
3009,13
6643,8
6643,14
6643,18
14817,5
41426,5
41426,8
41426,9
41791,8
41791,14
2071,13
2071,16
43516,8
32489,5
32489,14
10152,5
31246,5
31246,14
11375,1
11375,2
11375,5
11375,16
17813,5
17813,14
170,11
170,16
9471,1
9471,2
9471,5
9581,1
9581,6
9581,8
9581,16
216,8
216,14
47676,8
47676,14
113739,11
113739,16
52758,6
52758,8
52758,14
38171,8
38171,14
61225,8
18722,5
33454,2
33454,14
19753,5
11482,8
11482,13
11482,16
6949,5
6949,6
6949,14
1927,1
1927,2
10327,5
10327,14
14411,1
14411,2
14411,3
14411,9
296,1
296,16
302,6
302,16
22,1
22,2
22,9
8698,1
8698,9
8698,16
554,5
554,8
554,14
17920,8
17920,14
32235,8
32235,9
8961,1
8961,5
8961,6
17403,5
17403,8
17403,14
9486,1
9486,2
9486,5
20439,5
20439,8
20439,16
3472,6
3472,8
3472,16
35265,8
35265,14
25921,5
25921,8
68927,8
11894,5
11894,8
11894,14
20726,5
24558,1
24558,5
24558,6
24558,16
12649,5
24356,8
1996,1
1996,2
1996,9
4464,8
12279,1
12279,2
12279,5
9104,5
9104,6
9104,8
9104,16
9104,17
33339,5
33339,8
54580,5
54580,8
4613,5
4613,6
12530,5
12530,14
45096,1
45096,16
24993,1
24993,2
53021,5
53021,14
430,5
5185,2
5185,5
5185,6
5185,13
10553,1
10553,2
10553,5
21512,1
21512,2
21449,1
21449,5
8273,5
8273,14
8046,5
8046,6
8046,8
8046,14
50350,8
50350,14
50350,16
8094,8
26195,8
10330,5
10330,9
9257,1
9257,6
9257,16
9499,5
9499,8
9499,14
17180,1
15292,7
15292,8
41206,8
41206,16
33954,5
33954,9
24192,8
833,8
26755,7
3101,5
3101,6
3101,14
6466,11
20210,1
20210,2
20210,5
2055,1
2055,8
2055,18
11770,1
11770,5
14926,5
14926,8
2771,5
2771,8
10923,1
10923,2
10923,5
17745,5
21989,5
21989,14
18573,6
18573,11
41759,5
41759,11
41759,16
8992,5
8992,8
8992,14
19053,5
19053,14
11206,11
11206,16
18148,8
54898,8
54898,14
636,8
11898,5
11898,6
35072,1
35072,2
35072,9
44585,11
9051,5
9051,14
9362,1
9362,5
9362,11
19542,8
19542,14
936,5
936,6
12268,5
12268,6
10999,1
10999,2
10999,16
33521,8
33521,9
33521,11
33521,14
4593,5
34044,7
12276,8
12276,14
3782,8
36629,5
36629,6
2891,8
20815,8
19433,7
6619,8
10610,1
10610,5
10610,9
10610,16
2830,5
2830,14
15920,5
15920,8
21413,5
21413,8
21413,14
16405,1
16405,8
16405,14
16405,18
33255,7
11351,11
333,5
333,8
333,14
22200,5
22200,8
22200,14
13778,5
1415,5
1415,6
1415,8
1415,16
31094,8
31094,17
11547,11
7270,5
7270,6
7270,8
7270,16
1428,1
1428,6
1428,16
1428,18
17906,5
17906,8
17906,14
153,5
153,8
153,14
33320,3
33320,8
33320,9
33320,14
61054,11
27590,1
27590,5
27590,16
14603,1
14603,5
14603,6
10617,1
10617,8
10618,1
10618,5
10619,1
11293,5
11293,6
11293,8
8408,8
8408,11
8408,13
14030,5
14030,14
2687,5
2687,14
2687,16
19064,5
19064,11
19064,14
25241,11
28942,11
10739,5
10739,8
10739,14
12767,13
12767,16
22309,5
22309,14
13156,5
277,1
277,9
277,16
9707,5
9707,9
9707,11
9707,13
9707,16
36791,8
7288,5
10159,1
10159,2
10159,5
10159,16
10934,5
10934,14
5653,8
321,5
321,14
20,8
20,14
5168,7
9662,3
9662,5
9662,8
837,11
837,13
20303,7
19666,2
19666,8
821,8
1358,7
11475,5
776,5
776,8
776,14
16563,5
16563,8
16563,18
11703,8
891,8
891,13
891,16
83714,5
83714,8
83714,14
12531,8
12531,13
12531,14
10881,1
11832,5
11832,8
11806,5
10438,5
650,6
650,8
10337,6
10337,8
10337,13
8446,1
8446,5
8446,8
9874,1
9874,6
9874,16
29161,11
29161,16
21627,5
21627,6
21627,11
4543,5
11046,1
11046,2
11046,17
11707,6
11707,13
11707,16
7442,8
7442,16
14425,5
6723,1
6723,6
6723,8
6723,16
16969,1
16969,5
16969,6
13339,5
28761,2
28761,8
25237,8
25237,17
9871,8
9871,9
9871,11
9871,16
33258,5
33258,8
33258,17
33783,5
11364,8
11364,14
39916,11
31634,6
31634,16
43739,8
43739,14
13765,8
13765,9
12772,5
12772,8
12772,14
47866,8
47866,14
18900,6
18900,8
18900,16
73265,5
3087,8
14282,1
14282,3
14282,9
11502,8
11502,16
21219,1
21219,6
21219,8
21219,16
2116,6
2116,8
2116,16
1584,5
2056,5
2056,8
4997,6
4997,8
4997,13
8439,6
8439,7
322,6
322,8
322,13
322,16
11059,1
11059,11
11059,16
11775,5
11775,6
11775,14
24,1
24,6
11329,8
11329,16
9373,11
1550,5
1550,8
5493,1
5493,2
28200,8
28200,14
10629,6
10629,8
10629,16
10944,8
10944,13
10944,14
10944,16
9839,2
9839,8
9839,14
9839,17
13920,8
4256,5
10009,2
10009,3
1807,6
1807,8
10536,5
10536,6
10536,16
1376,6
1376,8
31397,2
20312,2
20312,5
20312,8
20312,9
10389,11
31206,8
28658,5
28658,14
897,8
11657,6
11657,16
10922,8
10922,14
13537,8
605,1
605,2
605,16
33222,7
10719,5
10719,9
23995,1
23995,2
23995,7
1277,8
1277,14
508,5
508,8
508,14
11846,5
11846,14
50314,7
10715,3
10715,5
8619,2
8619,8
8619,17
21525,7
14892,5
14892,8
14892,13
12146,2
12146,16
12146,18
10588,2
10588,5
10588,9
4970,11
4970,13
4970,16
470,6
470,8
470,16
11042,5
11042,8
10147,5
10147,6
10147,8
10756,5
10756,9
10756,13
10756,16
9562,1
9562,2
11012,8
11012,14
279714,7
30068,7
158413,7
9556,1
9556,16
13581,11
13581,16
24203,5
24203,14
9065,6
9065,8
9065,16
4823,8
4823,14
4823,16
10168,5
10168,6
10234,8
10234,11
10234,16
14022,5
14022,8
860,8
860,16
48035,8
5000,8
5000,17
22744,8
22744,14
17831,2
17831,8
17831,14
780,8
31510,2
31510,8
31510,14
234,6
234,8
234,11
234,16
8289,6
8289,8
8289,13
8289,16
11583,2
11583,6
11583,8
11583,16
6472,5
6472,8
5143,5
5143,8
11384,1
11384,5
11384,6
8010,1
8010,2
8010,9
10410,6
10410,8
47095,8
10407,5
10407,14
9292,1
9292,2
9292,5
11850,11
951,5
10804,5
9319,1
9319,16
1643,8
1643,14
2007,8
10995,8
10995,14
2612,5
2612,9
2612,14
3112,6
3112,8
3112,16
2611,5
2611,14
1825,1
1825,8
10538,1
10538,2
10538,16
11092,6
11092,13
11092,16
18410,5
18410,8
14904,8
14904,14
3176,1
3176,8
3176,16
9261,5
9261,8
9261,14
5336,8
5336,11
23908,8
23908,17
14671,5
11509,1
11509,8
11509,18
10729,5
10729,6
20763,8
2047,1
2047,6
2047,8
2047,16
14249,8
14249,14
14249,16
10021,5
11634,5
11634,8
11634,14
11824,5
11824,9
11824,14
8222,5
8222,6
8222,8
20067,8
20067,14
9846,1
9846,6
9846,16
23719,2
23719,5
23719,6
23719,14
483,6
483,14
483,16
10166,9
10166,11
6069,5
6069,9
6069,11
11018,1
11018,6
11018,16
11676,1
11676,2
11676,5
11676,6
28293,5
28293,14
28292,5
28292,14
3681,5
3681,14
43875,8
43875,14
31798,5
31798,14
43436,8
43436,14
20325,5
20325,14
17687,6
17687,8
19075,5
19075,9
19075,14
41465,5
17641,8
12545,8
27972,8
27972,14
898,6
898,8
2000,2
2000,8
648,8
648,9
648,14
618,8
618,17
19120,5
19120,8
19120,9
11316,8
11316,17
3089,18
29845,8
29845,14
995,2
995,18
1594,5
1594,6
1594,13
32318,1
32318,2
32318,5
32318,14
11839,2
11839,5
916,1
916,6
916,16
1976,8
1976,14
31685,8
31685,11
31685,14
3062,5
3062,8
3062,14
12708,5
12708,14
42045,8
42045,14
11610,5
11610,14
4939,5
4939,14
25016,5
25016,8
25016,14
15927,2
15927,8
40423,8
40423,14
7857,5
7857,8
79,1
79,2
79,8
13912,5
13912,14
70881,8
70881,14
987,5
30140,7
81,2
81,3
81,9
11821,5
11821,14
10023,1
10023,5
10023,6
51036,5
11519,5
11519,17
15659,5
15659,13
15659,16
18857,1
18857,6
18857,8
18857,16
33517,8
33517,14
42740,16
20126,11
20126,13
20126,16
827,13
827,16
11811,5
11811,11
20043,3
25431,5
25431,14
17685,5
17685,8
17685,17
2742,6
2742,8
22010,7
51145,8
48129,1
48129,8
48129,16
18904,8
18904,14
37719,5
9063,6
9063,8
10744,8
10744,14
10511,8
22289,7
10028,8
10028,14
616,1
616,8
616,17
587,2
587,8
587,9
6964,5
6964,8
6964,14
1792,5
3635,8
3635,14
122,1
122,2
122,9
11820,8
11820,14
8696,5
8696,8
12698,7
12698,17
11093,8
504,6
504,8
11007,5
11007,8
2289,2
2289,14
2289,17
9620,1
9620,2
9620,13
9620,16
10601,2
10601,9
52036,8
52036,14
13433,8
13433,14
14844,5
14844,14
37088,6
37088,7
5966,5
5966,14
10718,1
10718,5
10718,6
40427,6
40427,8
40427,16
14757,8
11034,8
11034,14
25095,8
25095,14
30080,8
30080,14
65012,8
65012,14
131313,8
34151,5
15797,1
15797,8
9548,5
9548,6
9548,13
11429,5
11429,11
14815,1
14815,2
14815,8
427,5
3022,8
3022,11
778,5
23152,5
23152,8
23152,14
23567,5
23567,14
23567,17
22584,2
22584,14
22584,17
27725,1
27725,6
27725,8
16227,13
16227,16
980,8
980,18
16933,6
16933,8
16933,16
37833,8
18995,6
18995,13
18995,16
5205,7
14239,3
14239,5
14239,9
405,8
9696,1
9696,6
9696,11
4917,5
4917,8
5055,8
5055,14
5055,17
3059,8
28586,11
28586,16
11708,2
11708,5
11708,9
27329,1
27329,8
27329,17
17736,6
17736,8
17736,16
1954,16
13476,5
13476,14
11194,1
11194,2
11194,7
11194,8
12634,5
12634,6
13505,5
13505,6
14114,8
15708,5
15708,8
15708,14
21301,5
21301,8
20483,1
20483,2
14292,8
44539,8
1278,8
1278,14
18841,5
18841,11
76176,1
76176,2
76176,5
76176,11
11023,8
11221,5
11221,17
1824,5
1824,14
16784,5
11083,5
11083,8
337,8
43376,8
28963,2
28963,9
28963,14
2576,8
22561,3
22561,5
22561,9
19345,16
14430,5
14430,6
14430,8
14430,13
12775,2
12775,8
9838,1
9838,2
9838,5
2099,1
2099,6
2099,16
42852,8
42852,14
40454,8
8842,8
8842,14
11132,5
9352,5
615,8
11217,5
11217,11
11217,13
11217,16
10677,8
10677,14
13572,1
13572,2
13572,6
13572,8
13572,16
338,5
338,8
2023,2
2023,18
9384,5
9384,6
25935,6
25935,8
25935,13
797,8
42602,8
29084,8
29084,13
29084,16
25955,6
25955,16
41876,8
24548,5
24548,14
42989,5
42989,6
17047,1
17047,2
17047,5
17047,14
10591,5
10591,14
1586,13
1586,16
11169,1
11169,6
11169,8
11169,13
11169,16
49689,8
156,5
156,8
156,14
10433,5
10433,6
10433,8
10433,14
43236,8
43236,14
924,1
924,11
38,8
38,14
11081,16
16941,5
16941,6
16941,8
9541,5
9541,8
9541,14
5516,5
5516,6
5516,16
20304,1
20304,6
20304,8
20304,16
11024,2
11024,5
11024,13
553,6
553,8
553,16
10544,1
10544,2
10544,8
1487,1
1487,9
11137,5
11137,14
11358,1
11358,2
11358,8
11358,16
13573,6
13573,8
10733,8
10733,17
14442,5
14442,9
2122,5
2122,6
2122,16
25300,6
25300,8
25300,13
25300,16
6844,8
923,11
28026,8
10338,5
33839,5
33839,8
133919,8
133919,14
4365,5
4365,11
65066,5
65066,6
65066,8
10843,5
10843,8
10843,16
393,1
393,6
393,16
7220,1
7220,6
7220,8
33823,7
126117,7
10096,5
10096,9
10096,14
9509,1
9509,8
9509,16
10710,5
11058,8
11058,11
11058,16
11141,5
11141,14
10625,5
10625,8
7131,1
7131,2
7131,11
26899,8
26899,14
16428,5
16428,14
652,1
652,17
8440,8
883,5
883,8
10375,6
10375,11
10375,16
68440,8
68440,16
11864,8
9461,1
18329,8
18329,14
17993,14
26517,8
26517,11
28285,8
10035,5
10035,8
10035,14
502,8
502,16
502,17
41965,8
41965,9
10347,1
10347,6
30959,8
30959,9
30959,11
20561,7
667,1
667,2
667,16
700,1
700,2
700,16
26976,8
36670,1
36670,2
36670,16
43818,8
43818,14
24650,8
24650,14
20640,5
20640,8
20640,14
5511,6
5511,8
5511,16
13936,14
13936,18
294,8
294,14
11507,6
11507,13
11507,16
10435,8
1162,8
34328,5
14684,8
13937,6
13937,13
13937,16
14980,8
26670,5
10940,1
10940,2
31965,8
31965,11
5842,1
5842,2
5842,9
5842,11
5842,16
988,8
988,16
204,2
204,8
204,16
9356,5
9356,14
32430,5
32430,8
16113,1
16113,2
16113,16
16113,17
33575,5
33575,14
13913,5
17956,5
17956,8
17956,14
18209,5
18209,9
18209,14
25508,11
25508,13
25508,14
18978,2
18978,14
27171,5
27171,14
12310,1
12310,2
12310,5
12310,8
37296,5
25736,6
25736,8
25736,14
25736,16
25389,5
25389,8
52794,5
52794,8
52794,11
9872,2
19552,8
19552,14
2786,6
2786,8
2786,14
8075,5
26133,8
10235,8
10235,17
11533,2
11533,9
3777,8
11659,8
11659,14
44098,8
44098,16
16876,8
16876,16
77780,5
77780,8
9545,1
9545,8
9545,16
28030,7
1926,8
17365,6
17365,8
17365,16
11474,1
11474,16
10916,1
10916,2
10921,1
10921,2
10941,1
10941,2
24798,5
11656,8
25009,2
25009,8
25009,14
40092,5
40092,9
40092,14
14589,5
14589,6
14589,13
14594,5
14594,13
14590,5
14590,6
14590,13
14588,5
14588,6
14588,13
14595,5
14595,6
14595,13
20644,5
20644,14
24965,1
24965,2
24965,5
24965,17
1583,5
17653,1
17653,2
17653,5
11069,1
11069,5
11069,11
10829,1
10829,5
10829,11
10829,16
57946,5
29049,11
27130,8
27130,11
27130,13
8468,5
22682,5
22682,14
11577,8
11577,18
21159,11
336,18
11942,1
11942,6
11942,8
36206,18
49636,1
49636,8
49636,9
3075,11
43096,5
43096,14
14262,5
14262,6
30368,6
30368,8
30368,13
30368,16
1059,1
1059,2
1059,8
12493,6
12493,8
12493,16
13122,5
13122,11
14273,7
11030,5
26372,8
26372,17
11506,8
11506,14
29455,8
11602,8
29453,8
14638,6
14638,13
14638,16
14703,8
14703,14
20481,9
20481,11
7090,8
42632,7
5902,8
5902,17
10775,1
10775,6
10775,8
10775,13
10775,16
4552,8
4552,11
4552,13
12762,5
12762,8
14510,11
15618,1
24341,9
24341,11
10690,2
10690,5
10690,16
13282,1
13282,5
22642,5
22642,11
18283,9
18283,14
13823,8
14108,7
4291,5
4291,8
113,8
28476,2
28476,3
28476,5
28476,9
5916,1
5916,6
5916,16
12205,11
12205,13
12205,16
27804,8
27804,14
46187,6
46187,8
3001,5
3001,6
3001,14
39434,11
39434,16
203,6
203,8
38749,5
38749,8
29740,6
29740,8
10652,1
10652,8
10652,17
33632,8
33632,14
3072,11
10355,1
10355,2
10355,8
10355,16
14554,13
14554,16
14554,18
250,1
250,5
250,6
19086,1
15392,8
15392,13
15392,14
41277,5
41277,8
631,8
631,14
25504,8
25504,13
25504,16
1786,8
1786,17
210937,5
16219,8
48385,6
48385,11
27545,11
22718,11
11315,1
11315,6
11315,16
35987,8
35987,14
29146,8
29146,14
29592,8
439,5
439,8
823,3
823,8
823,14
823,16
20289,6
20289,8
16905,2
16905,14
11548,5
11548,9
38291,5
38291,8
20532,8
2546,5
2546,9
42791,5
42791,8
42791,14
42791,17
22522,8
22522,14
5165,8
5165,13
5165,14
5722,5
5722,8
5544,8
5544,14
14696,8
14696,9
14696,13
4909,1
4909,16
19185,11
28257,6
28257,13
20643,5
20643,14
22596,5
22596,14
36786,8
36786,16
27459,5
27459,6
4497,8
25224,1
25224,2
25224,5
25224,16
15371,2
15371,3
15371,5
15371,6
11044,5
11044,8
11044,9
11044,14
41662,8
17346,7
13763,8
13763,14
10498,1
10498,6
10498,16
11796,5
11796,8
11796,14
34847,5
34847,8
34847,14
32303,1
32303,6
32303,8
41779,5
41779,8
41779,14
42814,5
42814,6
42814,8
42814,14
870,8
870,14
26319,5
26319,14
41059,8
41059,14
39871,5
39871,14
10178,8
10178,17
16391,8
10734,8
10734,16
10949,2
10949,5
10949,6
10949,8
809,3
809,5
809,9
809,14
435,2
435,16
4599,5
4599,8
4599,14
12657,5
28219,8
13193,5
673,2
673,9
16617,6
16617,13
16617,16
246,1
246,2
246,8
2789,1
8920,5
9890,5
9890,11
26254,7
8193,5
26142,8
42122,8
65137,1
65137,5
35151,5
35151,9
35151,14
21544,5
21544,14
40894,5
40894,14
11546,5
11546,6
18387,5
18387,8
52560,5
52560,14
18333,8
18333,11
18398,6
18398,16
80708,8
80708,14
76516,5
76516,9
76516,11
33441,3
47819,5
18712,8
18712,17
831,2
831,11
37658,8
37658,14
26516,6
26516,8
10573,5
10573,8
26451,8
26451,16
54568,8
28571,8
28571,14
123665,8
43336,8
62000,8
9372,7
41495,6
41495,8
662,8
662,14
43805,2
43805,8
43805,17
16559,8
16559,9
16559,11
31217,8
31217,17
19414,5
19414,14
15794,6
15794,8
15794,16
13188,8
13188,9
12651,1
12651,8
12651,17
886,8
9791,6
9791,8
38582,1
38582,2
9542,1
9542,11
9542,16
17820,8
17820,14
37696,8
37696,16
136,8
136,11
47653,5
47653,14
10970,5
42812,8
42812,14
3019,8
3019,11
10204,1
10204,2
10204,5
9472,5
594,5
594,8
8981,8
12153,5
12153,6
1944,8
11036,8
11036,14
1997,2
1997,8
15237,8
11939,5
26520,5
26520,8
21386,3
21386,5
24908,5
24908,8
24908,14
25783,7
8991,1
8991,5
8991,11
23378,8
23378,9
3293,8
36947,7
61487,7
14365,6
14365,16
10606,2
10606,16
16136,6
16136,8
16136,16
6081,5
6081,6
6081,13
13696,6
13696,8
44494,5
44494,8
2330,1
2330,2
2330,5
2330,6
2334,1
2334,5
2334,6
13398,3
13398,5
13398,8
701,5
701,14
10631,5
10631,9
10631,14
43466,5
43466,14
10780,5
10780,14
23724,8
29264,5
29264,8
29264,9
1777,7
11584,5
11584,14
26811,11
161080,5
161080,8
161080,14
11884,1
11884,2
558,1
558,2
80,8
80,14
9477,1
9477,2
9477,8
9477,17
8699,5
11247,5
11247,14
2048,1
436,6
436,8
436,16
43004,8
10754,6
10754,8
2502,1
2502,8
2502,16
314,1
314,6
314,9
18923,8
18923,14
12206,6
12206,13
12206,16
68064,1
15244,8
15244,16
62395,8
24559,8
24559,17
27437,5
27437,14
32294,5
41463,5
41463,14
19051,2
19051,9
43485,8
62694,8
62694,13
53287,5
1040,8
5122,8
1783,1
1783,8
1783,17
31522,5
31522,8
31522,14
22976,1
22976,9
22976,17
42801,5
42801,14
41316,7
5179,8
53198,7
16703,6
16703,13
16703,16
20408,6
20408,13
20408,16
13580,8
13580,16
18706,6
18706,13
18706,16
34327,6
34327,13
34327,16
20417,6
20417,8
20417,13
20417,16
14462,8
14462,13
14462,16
14623,1
14623,2
14623,5
6947,8
6947,13
6947,16
401,5
401,8
401,14
23305,2
23305,8
17768,5
17768,14
1538,6
1538,8
1538,16
14846,5
14846,8
14846,14
2577,8
2577,16
41975,8
11282,2
11282,5
11130,5
11130,8
11130,14
14389,5
14389,8
14389,14
395,1
395,2
395,11
23601,8
23601,14
10762,1
10762,2
10762,5
10762,13
11026,11
20120,5
11237,2
11237,11
11237,16
8080,6
8080,16
14797,1
14797,2
14797,8
11632,8
11632,14
15644,1
15644,8
15644,16
11208,8
11208,13
11208,14
11208,16
16153,8
16153,14
42694,8
42694,14
42164,8
12548,5
12548,8
9759,1
9759,6
9759,8
9759,16
1577,1
1577,11
16232,5
16232,8
5137,1
5137,2
5137,13
5137,16
11823,5
11823,14
13969,5
13969,8
13969,14
10145,13
10145,16
1653,8
747,5
747,11
84214,8
4176,8
4176,13
4176,16
11177,8
12707,11
12707,16
1492,1
1492,2
1492,8
8689,11
10555,1
10555,3
10555,5
11128,1
11128,8
11128,16
1599,5
1599,14
14024,8
14024,14
11045,1
11045,5
11045,6
11045,16
14337,8
14337,16
26108,5
26108,14
4380,5
4380,8
4380,14
3989,1
3989,2
3989,5
16358,5
16358,8
25313,8
25313,14
2438,8
65550,8
65550,14
3053,5
3053,11
18499,5
18499,8
36616,3
36616,5
13416,8
1435,7
1435,8
11099,8
11099,13
11099,16
18701,5
18701,8
18701,14
15566,5
15566,14
1970,11
1970,13
1970,16
8849,5
8849,8
8849,14
9675,5
9675,8
9675,14
4553,8
4553,16
11109,8
48678,5
48678,8
126148,7
16131,8
16131,16
176,6
176,11
176,13
1677,8
10740,8
10740,13
9806,1
9806,2
9806,3
47959,8
47959,14
5255,2
5255,3
5255,9
11184,8
11249,5
11249,11
10589,1
10589,5
10589,6
10589,8
9801,5
9801,14
866,8
866,9
2059,1
2059,2
2059,13
2059,16
140,6
140,8
11836,2
11836,3
11836,5
11836,9
1966,1
1966,2
1966,8
1966,14
1966,17
13673,5
174787,7
2288,8
2288,14
15397,2
15397,8
9550,1
9550,2
9550,8
163,6
163,16
36648,1
36648,11
33377,7
41253,5
33740,7
16248,1
15613,13
15613,16
28421,11
8424,5
8424,8
8424,14
18889,7
18889,17
18987,8
18987,11
18987,14
992,1
992,5
992,13
42359,5
42359,14
1405,6
1405,8
939,8
25768,5
25768,14
626,11
27899,1
27899,6
27899,8
48365,5
877,1
877,6
877,8
39130,5
39130,8
31511,5
31511,8
43904,5
43904,8
43904,14
14615,6
14615,8
31773,5
31773,14
24807,5
24807,8
24807,14
43874,8
43874,14
16515,2
16515,8
43864,5
43864,8
16274,5
16274,8
16274,14
37698,6
37698,8
37698,16
3084,8
3084,14
17801,6
17801,8
38914,5
38914,9
38914,14
22387,8
22387,14
27655,5
27655,8
27655,14
41391,8
42879,5
42879,14
42879,17
43307,8
43307,14
14320,8
14320,14
20246,6
20246,16
29380,14
3766,6
3766,8
3766,13
3766,16
41609,2
41609,14
33115,5
33115,14
45578,8
45578,13
45578,14
25209,5
25209,14
25209,18
43388,1
43388,2
43388,14
800,6
800,8
3111,8
3111,14
28696,6
28696,8
28696,14
44026,13
44026,16
803,7
43137,5
43137,14
34528,8
34528,17
690,6
690,8
36872,8
34530,8
34530,17
17185,8
14537,1
14537,8
13671,5
13671,14
11085,2
11085,8
52705,5
52705,8
52705,17
10299,11
10299,13
10299,16
3763,11
7348,2
17295,8
17295,17
13187,3
13187,5
29715,17
29715,18
42731,5
42731,8
42731,14
895,8
20108,8
2661,1
2661,5
2661,6
789,5
789,8
789,17
45706,1
45706,6
45706,16
17905,1
17905,6
17905,16
10227,5
26039,6
26039,8
26039,16
41212,7
41212,8
9929,2
9929,3
9929,5
20873,2
20873,5
20873,6
50789,7
27983,5
2860,8
2860,14
26606,6
26606,8
20848,1
20848,2
20848,5
20848,8
20848,14
20848,17
2998,8
839,1
839,16
9394,1
9394,5
9394,18
13041,2
13041,8
13041,18
18250,5
18250,11
27331,1
27331,6
27331,8
27331,16
1410,5
22307,11
22307,13
22307,16
21035,8
21035,14
32044,5
32044,8
24402,8
24402,14
16246,1
16246,6
16246,8
16246,16
8327,8
9385,2
9385,3
9385,5
10711,1
10711,6
10711,16
43430,5
43430,14
9652,8
9652,13
9652,16
38783,11
38783,16
3870,8
10640,1
10640,2
10640,16
33324,7
11558,1
11558,5
11558,6
11558,14
11558,16
12535,5
12535,13
12535,16
12637,8
12637,14
61280,8
61280,14
13481,1
13481,8
13481,13
13514,1
13514,8
98851,11
11537,1
11537,5
10654,5
10654,8
18966,5
18966,11
18966,14
64353,2
64353,5
6341,1
6341,8
6341,16
7012,8
15251,5
17435,2
17435,8
15301,9
15301,11
63418,8
63418,14
48677,1
48677,2
1884,2
1884,9
27414,11
27414,16
33138,7
8221,5
8221,8
17663,8
12615,8
10372,2
10372,9
9056,1
9056,5
9056,6
10176,8
10176,16
9080,2
9080,5
16082,8
16082,16
14670,8
26555,5
26555,8
26555,14
24657,8
11471,1
11471,6
11471,8
17421,1
17421,2
17421,3
17421,9
22572,1
22572,5
4043,5
4043,8
4043,14
4043,16
8852,11
30421,1
30421,9
18305,1
18305,6
18305,16
49314,8
16296,5
16296,11
13192,9
18917,2
18917,3
18917,9
4271,5
16859,3
16859,8
16859,9
25943,5
9768,5
9768,14
11909,1
11909,6
11909,16
11909,17
10485,5
10485,9
41821,8
21344,6
21344,8
9399,1
11131,5
11131,6
14571,1
14571,3
14571,13
1662,6
1662,8
1662,16
20562,7
18311,6
18311,8
18311,14
1483,9
1483,11
25330,5
25330,8
4539,7
12776,5
17467,1
17467,5
17467,6
17467,16
34376,5
34376,9
34376,14
15080,3
15080,8
15080,14
6463,5
6463,8
6463,14
9588,18
13995,1
13995,2
13995,17
11198,1
11198,2
11198,5
11198,14
11621,2
11621,3
11621,5
11621,9
47714,8
19087,5
19087,14
40082,8
31962,8
31962,14
31962,16
31962,17
22590,1
22590,2
22590,8
48150,8
48150,14
41778,7
14135,5
14135,6
14135,8
27678,5
27678,8
12088,1
12088,16
19371,5
12664,5
12664,8
7500,1
7500,6
7500,16
13519,7
18998,1
18998,11
18998,16
17796,5
17809,1
11067,5
10486,5
10486,14
19223,6
19223,8
19223,13
19223,16
152426,7
51038,5
51038,8
30718,2
30718,13
30718,16
30718,18
37797,3
37797,8
12613,1
12613,3
37563,5
37563,8
37563,14
30330,5
30330,8
2061,1
2061,6
2061,8
12254,5
12254,8
12254,14
16992,8
16992,14
18415,5
18415,8
8765,1
8765,8
8765,16
9732,2
9732,3
9732,8
9732,14
30983,3
30983,5
30983,6
30983,13
5470,1
5470,2
5470,9
5470,11
50008,8
12095,1
12095,6
12095,11
12095,16
14533,8
14533,14
9812,1
9812,5
9812,6
9812,8
9812,13
9812,16
8697,1
8697,2
8697,5
8697,16
7096,8
7096,13
