media_content_id,status
4207,Ended
4207,Ended
4207,Ended
4207,Ended
4207,Ended
4568,Ended
4703,Ended
4705,Ended
4719,Returning Series
4722,Ended
4743,Ended
4775,Ended
4777,Ended
4784,Ended
4849,Ended
4896,Ended
4900,Ended
4903,Returning Series
4932,Canceled
4965,Returning Series
4977,Ended
4989,Ended
5075,Ended
5106,Ended
5120,Ended
5135,Ended
5146,Ended
5165,Ended
5170,Returning Series
5239,Ended
5291,Returning Series
5293,Ended
5308,Ended
5325,Ended
5329,Ended
5387,Ended
5400,Returning Series
5423,Ended
5440,Ended
5445,Ended
5458,Ended
5486,Ended
5489,Ended
5500,Ended
5501,Ended
5515,Ended
5523,Ended
5607,Ended
5608,Ended
5619,Ended
5746,Canceled
5752,Ended
5792,Ended
5829,Ended
5839,Ended
6033,Ended
6036,Ended
6049,Ended
6060,Ended
6063,Ended
6090,Ended
6104,Ended
6166,In Production
6186,Ended
6212,Returning Series
6213,Returning Series
6234,Ended
6254,Ended
6264,Ended
6269,Ended
6270,Ended
6271,Ended
6273,Ended
6298,Ended
6339,Ended
6365,Ended
6367,Ended
6378,Ended
6433,Ended
6436,Ended
6442,Canceled
6448,Ended
6484,Returning Series
6552,Ended
6565,Ended
6568,Ended
6591,Ended
6596,Ended
6598,Ended
6611,Ended
6639,Ended
6643,Ended
6666,Ended
6678,Ended
6686,Ended
6687,Ended
6692,Ended
6732,Ended
6746,Ended
6754,Ended
6776,Ended
6856,Ended
6873,Ended
6889,Ended
6950,Ended
6963,Ended
6966,Ended
6969,Ended
6983,Ended
6989,Ended
6996,Ended
7001,Ended
7016,Ended
7034,Ended
7051,Ended
7054,Ended
7057,Ended
7065,Ended
7072,Ended
7087,Ended
7101,Ended
7104,Ended
7137,Ended
7139,Returning Series
7142,Ended
7248,Pilot
7257,Ended
7261,Ended
7304,Ended
7315,Ended
7335,Returning Series
7344,Ended
7377,Ended
7390,Ended
7438,Ended
7450,Ended
7455,Ended
7564,Ended
7646,Ended
7745,Ended
7772,Ended
7835,Ended
7839,Ended
7840,Ended
7981,Ended
7993,Ended
8011,Ended
8119,Ended
8157,Ended
8158,Ended
8169,Ended
8195,Ended
8239,Ended
8337,Ended
8362,Ended
8373,Ended
8376,Ended
8382,Ended
8424,Ended
8427,Ended
8461,Returning Series
8574,Ended
8601,Ended
8609,Ended
8641,Ended
8670,Returning Series
8677,Returning Series
8718,Returning Series
8743,Returning Series
8795,Ended
8804,Ended
8810,Ended
8830,Ended
8870,Ended
8911,Ended
8914,Ended
8918,Ended
8921,Returning Series
8943,Ended
8951,Ended
8952,Canceled
8969,Returning Series
8974,Ended
25825,Ended
25865,Ended
25906,Ended
25963,Returning Series
26002,Ended
26085,Ended
26152,Returning Series
26258,Ended
26285,Canceled
26350,Ended
26590,Ended
26612,Ended
26614,Ended
26631,Ended
26649,Ended
26680,Ended
26693,Ended
26778,Ended
26849,Ended
26865,Ended
26887,Returning Series
26928,Ended
27036,Ended
27251,Ended
27311,Returning Series
27329,Ended
27491,Ended
27537,Ended
27549,Ended
27555,Ended
27592,Ended
27595,Ended
27611,Ended
27627,Ended
27695,Ended
27744,Returning Series
27751,Ended
27801,Ended
27839,Returning Series
30848,Ended
30892,Ended
30898,Ended
31083,Ended
31086,Ended
31193,Ended
31367,Canceled
31420,Ended
31422,Ended
31590,Ended
32011,Ended
32031,Ended
32139,Ended
32440,Ended
32582,Ended
33154,Ended
33893,Ended
33903,Ended
34162,Ended
34359,Ended
36276,Ended
37386,Ended
38159,Ended
38198,Ended
38294,Ended
38304,Ended
38886,Ended
39234,Ended
39444,Ended
39446,Ended
40955,Ended
41712,Ended
41863,Ended
41997,Ended
42738,Ended
43549,Ended
43908,Ended
44022,Canceled
44189,Ended
44840,Ended
44864,Ended
45720,Ended
46337,Ended
46948,Ended
46967,Ended
47491,Ended
48598,Ended
48649,Ended
48738,Ended
49130,Ended
49132,Ended
49263,Ended
49286,Ended
49910,Ended
49917,Ended
50274,Returning Series
50685,Ended
50942,Returning Series
51024,Ended
51357,Ended
51903,Ended
52281,Returning Series
52328,Ended
52831,Ended
52867,Ended
53000,Returning Series
53125,Ended
53138,Ended
53143,Ended
53322,Ended
53326,Ended
54116,Ended
54910,Ended
55061,Returning Series
55167,Ended
55207,Ended
55292,Ended
55363,Ended
55768,Ended
55872,Ended
56156,Ended
56389,Returning Series
56620,Ended
58025,Ended
58287,Returning Series
58295,Ended
58297,Ended
58301,Ended
58870,Ended
59103,Ended
59258,Ended
59615,Ended
60128,Ended
60674,Ended
60943,Ended
60979,Ended
61257,Ended
62336,Ended
62553,Returning Series
62644,Ended
62662,Returning Series
62834,Ended
62970,Ended
63433,Ended
63479,Ended
64997,Ended
65126,Ended
65135,Returning Series
65261,Ended
65359,Ended
65651,Ended
65882,Ended
66544,Ended
66783,Ended
67186,Ended
67267,Ended
67799,Ended
68237,Ended
68486,Ended
68659,Ended
68791,Ended
69134,Ended
69524,Ended
69685,Ended
69844,Ended
69849,Ended
70015,Ended
70208,Ended
70361,Ended
70521,Ended
71160,Ended
71254,Ended
71379,Ended
72701,Ended
72982,Ended
73023,Ended
73042,Ended
73160,Ended
73804,Ended
74228,Ended
74342,Ended
74508,Ended
74580,Ended
74647,Ended
74685,Ended
74688,Ended
75416,Ended
77414,Ended
77688,Ended
78209,Ended
79293,Ended
79572,Ended
79592,Ended
79895,Ended
79897,Ended
80126,Ended
80846,Returning Series
80917,Ended
81158,Ended
81383,Ended
81782,Ended
81847,Ended
82854,Ended
83827,Ended
84187,Ended
84392,Ended
84601,Ended
85295,Ended
85354,Ended
85397,Ended
85774,Ended
85780,Returning Series
85881,Canceled
86320,Returning Series
86332,Ended
86345,Ended
86487,Returning Series
88327,Returning Series
88345,Ended
88744,Ended
89087,Ended
89492,Ended
89745,Ended
90345,Canceled
90522,Returning Series
90746,Ended
90863,Returning Series
91126,Ended
91483,Returning Series
91653,Returning Series
91671,Returning Series
91974,Ended
92730,Canceled
92954,Ended
93006,Ended
93008,Canceled
93040,Ended
93193,Ended
93443,Canceled
95135,Returning Series
95475,Ended
95717,Ended
96004,Ended
96084,Ended
96608,Ended
96616,Canceled
96964,Canceled
97230,Ended
97643,Ended
97665,Returning Series
98961,Ended
99114,Ended
99750,Returning Series
99846,Returning Series
100390,Ended
100397,Ended
100553,Ended
101074,Ended
101088,Ended
101283,Returning Series
101415,Ended
101962,Ended
102088,Ended
102125,Returning Series
102338,Ended
103341,Ended
104337,Ended
104374,Ended
104837,Returning Series
104913,Canceled
105020,Returning Series
105037,Returning Series
105213,Returning Series
105250,Ended
105540,Ended
105720,Ended
106072,Returning Series
106489,Ended
106542,Ended
106594,Returning Series
106642,Returning Series
106889,Ended
107159,Ended
108540,Returning Series
108715,Ended
108727,Ended
109161,Ended
109850,Returning Series
110130,Ended
110586,Ended
110611,Returning Series
112175,Returning Series
112183,Canceled
112940,Ended
113207,Ended
113374,Ended
113604,Ended
113862,Ended
115151,Ended
115502,Returning Series
115667,Returning Series
116138,Returning Series
117368,Ended
117444,Ended
117511,Returning Series
117646,Ended
118198,Ended
119218,Returning Series
119655,Returning Series
119828,Ended
120637,Ended
120783,Returning Series
120799,Returning Series
121035,Returning Series
121097,Ended
121372,Ended
122260,Ended
122433,Ended
122904,Returning Series
122922,Ended
122926,Ended
123545,Ended
127114,Returning Series
127130,Ended
127180,Returning Series
127204,Returning Series
128099,Returning Series
128488,Returning Series
128832,Returning Series
128944,Ended
131578,Ended
131724,Returning Series
132333,Returning Series
133281,Returning Series
133545,Ended
134004,Ended
134248,Returning Series
134252,Ended
134326,Ended
134849,Ended
135133,Canceled
136800,Returning Series
136838,Ended
137859,Ended
137863,Returning Series
139915,Returning Series
140133,Ended
140481,Ended
140737,Returning Series
141544,Returning Series
141816,Ended
141820,Returning Series
142115,Returning Series
143367,Returning Series
144606,Ended
146024,Ended
147250,Ended
147328,Returning Series
147330,Canceled
147662,Canceled
152063,Returning Series
157775,Ended
158388,Ended
159403,Ended
163112,Ended
165529,Ended
167538,Ended
170957,Ended
172497,Ended
172909,Canceled
173873,Ended
174141,Returning Series
175401,Returning Series
175435,Ended
178613,Ended
180263,Returning Series
182731,Ended
183301,Ended
193609,Ended
